ADA;Adal;Adal;Adal;;;;;;;;;;;x;;;;;;;;;;;;;;;
ADA_ADJ;Adalan;Adalien;Adalisch;;;;;;;;;;;x;;;;;;;;;;;;;;;
ADR;Andhra;Andhra;Andhra;;;;;;;;;;;x;;;;;;;;;;;;;;;
ADR_ADJ;Andhra;Andhra;Andhra;;;;;;;;;;;x;;;;;;;;;;;;;;;
ADW;Adamawa;Adamawa;Adamawa;;;;;;;;;;;;x;;;;;;;;;;;;;;
ADW_ADJ;Adamawan;Adamawan;Adamawan;;;;;;;;;;;;x;;;;;;;;;;;;;;
AFG;Afghanistan;Afghanistan;Afghanistan;;;;;;;;;;;;x;;;;;;;;;;;;;;
AFG_absolute_monarchy;Afghanistan;Afghanistan;Afghanistan;;;;;;;;;;;;x;;;;;;;;;;;;;;
AFG_absolute_monarchy_ADJ;Afghan;Afghan;Afghanisch;;;;;;;;;;;;x;;;;;;;;;;;;;;
AFG_ADJ;Afghan;Afghan;Afghanisch;;;;;;;;;;;;x;;;;;;;;;;;;;;
AFG_feudal_monarchy;Afghanistan;;;;;;;;;;;;;;x;;;;;;;;;;;;;;
AFG_feudal_monarchy_ADJ;Afghan;;;;;;;;;;;;;;x;;;;;;;;;;;;;;
AFS;Afsharid Dynasty;Afsharid Dynasty;Afsharid Dynasty;;;;;;;;;;;;x;;;;;;;;;;;;;;
AFS;Afsharid Dynasty;Afsharid Dynasty;Afsharid Dynasty;;;;;;;;;;;x;;;;;;;;;;;;;;;
AFS_ADJ;Afsharid;Afsharid;Afsharid;;;;;;;;;;;x;;;;;;;;;;;;;;;
AFS_ADJ;Afsharid;Afsharid;Afsharid;;;;;;;;;;;x;;;;;;;;;;;;;;;
AIN;Ainu;;;;;;;;;;;;;x;;;;;;;;;;;;;;;
AIN_ADJ;Ainu;;;;;;;;;;;;;x;;;;;;;;;;;;;;;
AJU;Ajuuraan State;;;;;;;;;;;;;x;;;;;;;;;;;;;;;
AJU_absolute_monarchy;Ajuuraan Empire;;;;;;;;;;;;;x;;;;;;;;;;;;;;;
AJU_ADJ;Ajuuraan;;;;;;;;;;;;;x;;;;;;;;;;;;;;;
AJU_democracy;Ajuuraan Republic;;;;;;;;;;;;;x;;;;;;;;;;;;;;;
AJU_fascist_dictatorship;Islamic Courts of Somalia;;;;;;;;;;;;;x;;;;;;;;;;;;;;;
AJU_fascist_dictatorship_ADJ;Somali;;;;;;;;;;;;x;;;;;;;;;;;;;;;;
AJU_feudal_monarchy;Ajuuraan Sultanate;;;;;;;;;;;;x;;;;;;;;;;;;;;;;
AJU_hms_government;Ajuuraan Sultanate;;;;;;;;;;;;;;x;;;;;;;;;;;;;;
AJU_proletarian_dictatorship;People's Republic of East Somalia;;;;;;;;;;;;;;x;;;;;;;;;;;;;;
AJU_proletarian_dictatorship_ADJ;East Somali;;;;;;;;;;;;;;x;;;;;;;;;;;;;;
AJU_prussian_constitutionalism;Ajuuraan Empire;;;;;;;;;;;;;;x;;;;;;;;;;;;;;
ALH;Al Haasa;Al Haasa;Al Haasa;;;;;;;;;;;;x;;;;;;;;;;;;;;
ALH_ADJ;Haasalese;Haasalien;Haasaisch;;;;;;;;;;;;x;;;;;;;;;;;;;;
ALD;Numidia;;;;;;;;;;;;x
ALD_ADJ;Numidian;;;;;;;;;;;;x
AMA;Amazonie;Amazonie;Amazonien;;;;;;;;;;;;x;;;;;;;;;;;;;;
AMA_ADJ;Amazonian;Amazonien;Amazonisch;;;;;;;;;;;;x;;;;;;;;;;;;;;
AMT;Amatsa;Amatsa;Amatsa;;;;;;;;;;;;x;;;;;;;;;;;;;;
AMT_ADJ;Amatsa;Amatsa;Amatsa;;;;;;;;;;;;x;;;;;;;;;;;;;;
ANG;Angola;;;;;;;;;;;;;;x;;;;;;;;;;;;;;
ANG_ADJ;Angolan;;;;;;;;;;;;;;x;;;;;;;;;;;;;;
ANI;Anishinabe;Anishinabe;Anishinabe;;;;;;;;;;;;x;;;;;;;;;;;;;;
ANI;Anishinabe;Anishinabe;Anishinabe;Anishinabe;;;;;;;;;;;x;;;;;;;;;;;;;;
ANI_ADJ;Anishinabe;Anishinabe;Anishinabe;;;;;;;;;;;;x;;;;;;;;;;;;;;
ANI_ADJ;Anishinabe;Anishinabe;Anishinabe;;Anishinabe;;;;;;;;;;x;;;;;;;;;;;;;;
AOT;Aotearoa;Aotearoa;Aotearoa;;;;;;;;;;;;x;;;;;;;;;;;;;;
AOT_ADJ;Aotearoan;Aotearoain;Aotearoan;;;;;;;;;;;;x;;;;;;;;;;;;;;
ARA;Aragon;Aragon;Aragon;;;;;;;;;;;;x;;;;;;;;;;;;;;
ARA_ADJ;Aragonese;Aragonien;Aragonisch;;;;;;;;;;;;x;;;;;;;;;;;;;;
ARE;Arequipa;Arequipa;Arequipa;;;;;;;;;;;;x;;;;;;;;;;;;;;
ARE_ADJ;Arequipan;Arequipien;Arequipan;;;;;;;;;;;;x;;;;;;;;;;;;;;
ARI;Aragon-Italy;Aragon-Italie;Aragon-Italien;;;;;;;;;;;;x;;;;;;;;;;;;;;
ARI_ADJ;Aragonese-Italian;Aragonais-Italienne;Aragonisch-Italienisch;;;;;;;;;;;;x;;;;;;;;;;;;;;
ARU;Purumauca;Purumauca;Purumauca;;;;;;;;;;;;x;;;;;;;;;;;;;;
ARU;Purumauca;Purumauca;Purumauca;Purumauca;;;;;;;;;;;x;;;;;;;;;;;;;;
ARU_ADJ;Purumaucan;Purumaucan;Purumaucan;;;;;;;;;;;;x;;;;;;;;;;;;;;
ARU_ADJ;Purumaucan;Purumaucan;Purumaucan;;Purumaucan;;;;;;;;;;x;;;;;;;;;;;;;;
ARY;Aryanam;;;;;;;;;;;;;;x;;;;;;;;;;;;;;
ARY_ADJ;Aryan;;;;;;;;;;;;x;;;;;;;;;;;;;;;;
ASG;Asgard;Asgard;Asgard;;;;;;;;;;x;;;;;;;;;;;;;;;;
ASG_ADJ;Asgardian;Asgardian;Asgardian;;;;;;;;;;x;;;;;;;;;;;;;;;;
ASH;Ashanti;Ashanti;Aschanti;;Asantia;;;;;;;;x;;;;;;;;;;;;;;;;
ASH;Ashanti;;;;;;;;;;;;;;x;;;;;;;;;;;;;;
ASH_ADJ;Ashanti;Ashanti;Aschanti;;;;;;;;;;;;x;;;;;;;;;;;;;;
ASH_ADJ;Ashanti;;;;;;;;;;;;;;x;;;;;;;;;;;;;;
ASH_anarcho_liberal;Radical Faction;Faction radicale;Die radikale Fraktion;;;;;;;;;;;;x;;;;;;;;;;;;;;
ASH_bourgeois_dictatorship;Ghana;Ghana;Ghana;;Ghana;;;;;;;;;;x;;;;;;;;;;;;;;
ASH_bourgeois_dictatorship_ADJ;Ghanaian;Ghanaian;Ghanaisch;;Ghanés;;;;;;;;;;x;;;;;;;;;;;;;;
ASH_communist;Communist Faction;Faction communiste;Die kommunistische Fraktion;;;;;;;;;;;;x;;;;;;;;;;;;;;
ASH_conservative;Royal Faction;Faction royale;Königsfraktion;;;;;;;;;;;x;;;;;;;;;;;;;;;
ASH_democracy;Ghana;Ghana;Ghana;;Ghana;;;;;;;;;x;;;;;;;;;;;;;;;
ASH_democracy_ADJ;Ghanaian;Ghanaian;Ghanaisch;;Ghanés;;;;;;;;;x;;;;;;;;;;;;;;;
ASH_fascist;Fascist Faction;Faction fasciste;Die faschistische Fraktion;;;;;;;;;;;x;;;;;;;;;;;;;;;
ASH_fascist_dictatorship;Ghana;Ghana;Ghana;;Ghana;;;;;;;;;x;;;;;;;;;;;;;;;
ASH_fascist_dictatorship_ADJ;Ghanaian;Ghanaian;Ghanaisch;;Ghanés;;;;;;;;;x;;;;;;;;;;;;;;;
ASH_liberal;Reform Faction;Faction de réforme;Verbesserung Fraktion;;;;;;;;;;;x;;;;;;;;;;;;;;;
ASH_presidential_dictatorship;Ghana;Ghana;Ghana;;Ghana;;;;;;;;;x;;;;;;;;;;;;;;;
ASH_presidential_dictatorship_ADJ;Ghanaian;Ghanaian;Ghanaisch;;Ghanés;;;;;;;;;x;;;;;;;;;;;;;;;
ASH_proletarian_dictatorship;Ghana;Ghana;Ghana;;Ghana;;;;;;;;;x;;;;;;;;;;;;;;;
ASH_proletarian_dictatorship_ADJ;Ghanaian;Ghanaian;Ghanaisch;;Ghanés;;;;;;;;;x;;;;;;;;;;;;;;;
ASH_reactionary;Empire Faction;Faction d'empire;Reich Fraktion;;;;;;;;;;;x;;;;;;;;;;;;;;;
ASH_socialist;Socialist Faction;Faction socialiste;Die sozialistische Fraktion;;;;;;;;;;;;x;;;;;;;;;;;;;;
ASK;Astrakhan Khanate;Khanat d'Astrakhan;Khanat Astrachan;;;;;;;;;;;;x;;;;;;;;;;;;;;
ASK_ADJ;Astrakhan;Astrakhanien;Astrachanisch;;;;;;;;;;;;x;;;;;;;;;;;;;;
ASM;Assam;;;;;;;;;;;;;;x;;;;;;;;;;;;;;
ASM_ADJ;Assamese;;;;;;;;;;;;;;x;;;;;;;;;;;;;;
ATL;Atlantia;;;;;;;;;;;;;;x;;;;;;;;;;;;;;
ATL_ADJ;Atlantian;;;;;;;;;;;;;;x;;;;;;;;;;;;;;
ATS;Athesia;Athesia;Athesia;;;;;;;;;;;;x;;;;;;;;;;;;;;
ATS_ADJ;Athesian;Athesien;Athesisch;;;;;;;;;;;;x;;;;;;;;;;;;;;
AVA;Taragui;Taragui;Taragui;;;;;;;;;;;;x;;;;;;;;;;;;;;
AVA;Taragui;Taragui;Taragui;Taragui;;;;;;;;;;;x;;;;;;;;;;;;;;
AVA_ADJ;Guarani;Guarani;Guarani;;;;;;;;;;;;x;;;;;;;;;;;;;;
AVA_ADJ;Guarani;Guarani;Guarani;;Guarani;;;;;;;;;;x;;;;;;;;;;;;;;
AZA;Azande;Azande;Azande;;Azande;;;;;;;;;;x;;;;;;;;;;;;;;
AZA_ADJ;Zande;Zande;Zande;;;;;;;;;;;;x;;;;;;;;;;;;;;
AZA_anarcho_liberal;Radical Faction;Faction radicale;Die radikale Fraktion;;;;;;;;;;;;x;;;;;;;;;;;;;;
AZA_communist;Communist Faction;Faction communiste;Die kommunistische Fraktion;;;;;;;;;;;;x;;;;;;;;;;;;;;
AZA_conservative;Royal Faction;Faction royale;Königsfraktion;;;;;;;;;;;;x;;;;;;;;;;;;;;
AZA_fascist;Fascist Faction;Faction fasciste;Die faschistische Fraktion;;;;;;;;;;;;x;;;;;;;;;;;;;;
AZA_liberal;Reform Faction;Faction de réforme;Verbesserung Fraktion;;;;;;;;;;;;x;;;;;;;;;;;;;;
AZA_reactionary;Empire Faction;Faction d'empire;Reich Fraktion;;;;;;;;;;;;x;;;;;;;;;;;;;;
AZA_socialist;Socialist Faction;Faction socialiste;Die sozialistische Fraktion;;;;;;;;;;;;x;;;;;;;;;;;;;;
AZB_absolute_monarchy;Safavid Empire;Safavid Empire;Safavid Empire;;;;;;;;;;;;x;;;;;;;;;;;;;;
AZB_absolute_monarchy_ADJ;Safavid;Safavid;Safavid;;;;;;;;;;;;x;;;;;;;;;;;;;;
AZB_feudal_monarchy;Safavid Empire;Safavid Empire;Safavid Empire;;;;;;;;;;;;x;;;;;;;;;;;;;;
AZB_feudal_monarchy_ADJ;Safavid;Safavid;Safavid;;;;;;;;;;;;x;;;;;;;;;;;;;;
AZB_prussian_constitutionalism;Safavid Empire;Safavid Empire;Safavid Empire;;;;;;;;;;;;x;;;;;;;;;;;;;;
AZB_prussian_constitutionalism_ADJ;Safavid;Safavid;Safavid;;;;;;;;;;;;x;;;;;;;;;;;;;;
AZL;The Amerigan Federation ;;;;;;;;;;;;;;x;;;;;;;;;;;;;;
AZL_absolute_monarchy;The Amerigan Empire;;;;;;;;;;;;;;x;;;;;;;;;;;;;;
AZL_ADJ;Ameriguain;;;;;;;;;;;;;;x;;;;;;;;;;;;;;
AZL_fascist_dictatorship;The Amerigan State;;;;;;;;;;;;;;x;;;;;;;;;;;;;;
AZL_hms_government;The Amerigan Empire ;;;;;;;;;;;;;;x;;;;;;;;;;;;;;
AZL_proletarian_dictatorship;The USRA;;;;;;;;;;;;;;x;;;;;;;;;;;;;;
AZL_prussian_constitutionalism;The Amerigan Empire;;;;;;;;;;;;;;x;;;;;;;;;;;;;;
AZT;Aztlan;Aztlan;Aztlan;Aztlan;;;;;;;;;;x;;;;;;;;;;;;;;;
AZT_ADJ;Nahuatl;Nahuatl;Nahuatl;;Nahuatl;;;;;;;;;x;;;;;;;;;;;;;;;
BEG;Berg;;;;;;;;;;;;;x;;;;;;;;;;;;;;;
BEG_ADJ;Bergian;;;;;;;;;;;;;x;;;;;;;;;;;;;;;
BEN;Bengal;Bengale;Bengalen;;;;;;;;;;;x;;;;;;;;;;;;;;;
BEN_ADJ;Bengali;Bengali;Bengalisch;;;;;;;;;;;;x;;;;;;;;;;;;;;
BHA;Bharata;Bharata;Bharata;;;;;;;;;;;;x;;;;;;;;;;;;;;
BHA_ADJ;Bharatese;Bharatese;Bharatese;;;;;;;;;;;;x;;;;;;;;;;;;;;
BHO;Maharashtra;Maharashtra;Maharashtra;;;;;;;;;;;;x;;;;;;;;;;;;;;
BHO_ADJ;Maharashtran;Maharashtrien;Maharashtran;;;;;;;;;;;;x;;;;;;;;;;;;;;
BIH;Bihar;Bihar;Bihar;;;;;;;;;;;;x;;;;;;;;;;;;;;
BIH_ADJ;Bihari;Bihari;Bihari;;;;;;;;;;;;x;;;;;;;;;;;;;;
BKF;Ashikaga Bakufu;;;;;;;;;;;;;;x;;;;;;;;;;;;;;
BKF_ADJ;Ashikaga;;;;;;;;;;;;;;x;;;;;;;;;;;;;;
BLC;Kalat;;;;;;;;;;;;;;x;;;;;;;;;;;;;;
BLC_ADJ;Baluchi;;;;;;;;;;;;;;x;;;;;;;;;;;;;;
BLF;Belfast;;;;;;;;;;;;;;x;;;;;;;;;;;;;;
BLF_ADJ;Belfastian;;;;;;;;;;;;;;x;;;;;;;;;;;;;;
BLR;Byelorussia;Biélorussie;Weißrussland;;;;;;;;;;;;x;;;;;;;;;;;;;;
BLR_ADJ;Byelorussian;Biélorusse;Weißrussisch;;;;;;;;;;;;x;;;;;;;;;;;;;;
BRD;Burundi;Burundi;Burundi;;Burundi;;;;;;;;;;x;;;;;;;;;;;;;;
BRD_ADJ;Burundian;Burundaise;Burundische;;;;;;;;;;;;x;;;;;;;;;;;;;;
BRD_anarcho_liberal;Radical Faction;Faction radicale;Die radikale Fraktion;;;;;;;;;;;;x;;;;;;;;;;;;;;
BRD_communist;Communist Faction;Faction communiste;Die kommunistische Fraktion;;;;;;;;;;;;x;;;;;;;;;;;;;;
BRD_conservative;Mwami Faction;Faction Mwami;Mwami Fraktion;;;;;;;;;;;;x;;;;;;;;;;;;;;
BRD_fascist;Fascist Faction;Faction fasciste;Die faschistische Fraktion;;;;;;;;;;;;x;;;;;;;;;;;;;;
BRD_liberal;Reform Faction;Faction de réforme;Verbesserung Fraktion;;;;;;;;;;;;x;;;;;;;;;;;;;;
BRD_reactionary;Empire Faction;Faction d'empire;Reich Fraktion;;;;;;;;;;;;x;;;;;;;;;;;;;;
BRD_socialist;Socialist Faction;Faction socialiste;Die sozialistische Fraktion;;;;;;;;;;;;x;;;;;;;;;;;;;;
BRG;Burgundy;Bourgogne;Burgund;;;;;;;;;;;;x;;;;;;;;;;;;;;
BRG_ADJ;Burgundian;Bourguinion;Burgundisch;;;;;;;;;;;;x;;;;;;;;;;;;;;
BRG_ADJ;Burgundian;;;;;;;;;;;;;;x;;;;;;;;;;;;;;
BRN;Brandenburg;Brandebourg;Brandenburg;;;;;;;;;;;;x;;;;;;;;;;;;;;
BRN_ADJ;Brandenburgian;Brandebourgien;Brandenburgisch;;;;;;;;;;;;x;;;;;;;;;;;;;;
BRT;Brittany;Bretagne;Brittany;;;;;;;;;;;;x;;;;;;;;;;;;;;
BRT_ADJ;Breton;Breton;Breton;;;;;;;;;;;;x;;;;;;;;;;;;;;
BSH;Lesotho;Basotho;Basotho;;Basotho;;;;;;;;;;x;;;;;;;;;;;;;;
BSH_ADJ;Basotho;Basotho;Basotho;;;;;;;;;;;;x;;;;;;;;;;;;;;
BSH_anarcho_liberal;Radical Faction;Faction radicale;Die radikale Fraktion;;;;;;;;;;;;x;;;;;;;;;;;;;;
BSH_communist;Communist Faction;Faction communiste;Die kommunistische Fraktion;;;;;;;;;;;;x;;;;;;;;;;;;;;
BSH_conservative;Royal Faction;Faction royale;Königsfraktion;;;;;;;;;;;;x;;;;;;;;;;;;;;
BSH_fascist;Fascist Faction;Faction fasciste;Die faschistische Fraktion;;;;;;;;;;;x;;;;;;;;;;;;;;;
BSH_liberal;Reform Faction;Faction de réforme;Verbesserung Fraktion;;;;;;;;;;;x;;;;;;;;;;;;;;;
BSH_reactionary;Empire Faction;Faction d'empire;Reich Fraktion;;;;;;;;;;;x;;;;;;;;;;;;;;;
BSH_socialist;Socialist Faction;Faction socialiste;Die sozialistische Fraktion;;;;;;;;;;;x;;;;;;;;;;;;;;;
BTV;Batavia;Batavie;Batavia;;;;;;;;;;;x;;;;;;;;;;;;;;;
BTV_ADJ;Batavian;Batavien;Batavian;;;;;;;;;;;x;;;;;;;;;;;;;;;
BUG;Buganda;Buganda;Buganda;;Buganda;;;;;;;;;x;;;;;;;;;;;;;;;
BUG_absolute_monarchy;Buganda;;;;;;;;;;;;;x;;;;;;;;;;;;;;;
BUG_absolute_monarchy_ADJ;Baganda;;;;;;;;;;;;;x;;;;;;;;;;;;;;;
BUG_ADJ;Bugandan;Bugandaise;Bugandische;;;;;;;;;;;x;;;;;;;;;;;;;;;
BUG_anarcho_liberal;Radical Faction;Faction radicale;Die radikale Fraktion;;;;;;;;;;;x;;;;;;;;;;;;;;;
BUG_communist;Communist Faction;Faction communiste;Die kommunistische Fraktion;;;;;;;;;;;x;;;;;;;;;;;;;;;
BUG_conservative;Royal Faction;Faction royale;Königsfraktion;;;;;;;;;;;x;;;;;;;;;;;;;;;
BUG_fascist;Fascist Faction;Faction fasciste;Die faschistische Fraktion;;;;;;;;;;;x;;;;;;;;;;;;;;;
BUG_liberal;Reform Faction;Faction de réforme;Verbesserung Fraktion;;;;;;;;;;;;x;;;;;;;;;;;;;;
BUG_prussian_constitutionalism;Buganda;;;;;;;;;;;;;;x;;;;;;;;;;;;;;
BUG_prussian_constitutionalism_ADJ;Baganda;;;;;;;;;;;;;;x;;;;;;;;;;;;;;
BUG_reactionary;Empire Faction;Faction d'empire;Reich Fraktion;;;;;;;;;;;;x;;;;;;;;;;;;;;
BUG_socialist;Socialist Faction;Faction socialiste;Die sozialistische Fraktion;;;;;;;;;;;;x;;;;;;;;;;;;;;
BUR;Taungu;Myanmar;Myanmar;;;;;;;;;;;;x;;;;;;;;;;;;;;
BUR_ADJ;Burmese;Birman;Burmesisch;;;;;;;;;;;;x;;;;;;;;;;;;;;
CAE;The Elbian Confederation ;;;;;;;;;;;;;;x;;;;;;;;;;;;;;
CAE_ADJ;Elbian;;;;;;;;;;;;;;x;;;;;;;;;;;;;;
CAM;Khmer Empire;Empire Khmer;Khmer-Reich;;;;;;;;;;;;x;;;;;;;;;;;;;;
CAM_ADJ;Khmer;Khmer;Khmerisch;;;;;;;;;;;;x;;;;;;;;;;;;;;
CAM_bourgeois_dictatorship;Khmer Republic;République Khmer;Khmer-Republik;;;;;;;;;;;;x;;;;;;;;;;;;;;
CAM_democracy;Khmer Republic;République Khmer;Khmer-Republik;;;;;;;;;;;;x;;;;;;;;;;;;;;
CAM_presidential_dictatorship;Khmer Republic;République Khmer;Khmer-Republik;;;;;;;;;;;;x;;;;;;;;;;;;;;
CAM_proletarian_dictatorship;Khmer Republic;République Khmer;Khmer-Republik;;;;;;;;;;;;x;;;;;;;;;;;;;;
CAS;Castilla;Castille;Castilla;;;;;;;;;;;;x;;;;;;;;;;;;;;
CAS_ADJ;Castillan;Castillan;Castillan;;;;;;;;;;;;x;;;;;;;;;;;;;;
CHE;Tsalagihi Ayeli;Tsalagihi Ayeli;Tsalagihi Ayeli;;;;;;;;;;;;x;;;;;;;;;;;;;;
CHE_ADJ;Cherokee;Cherokee;Cherokee;;;;;;;;;;;;x;;;;;;;;;;;;;;
CHG;The Dzungar Khanate;Khanat de Djaghataï;Tschagatai Khanat;;;;;;;;;;;;x;;;;;;;;;;;;;;
CHG_ADJ;Dzungar;Djaghat;Tschagataiisch;;;;;;;;;;;x;;;;;;;;;;;;;;;
CHG_bourgeois_dictatorship;Dzungaria;Dzungaria;Dzungaria;;;;;;;;;;;x;;;;;;;;;;;;;;;
CHG_democracy;Dzungaria;Dzungaria;Dzungaria;;;;;;;;;;;x;;;;;;;;;;;;;;;
CHG_fascist_dictatorship;Dzungaria;Dzungaria;Dzungaria;;;;;;;;;;;x;;;;;;;;;;;;;;;
CHG_presidential_dictatorship;Dzungaria;Dzungaria;Dzungaria;;;;;;;;;;;x;;;;;;;;;;;;;;;
CHG_proletarian_dictatorship;United People's Republic;République Populaire Unie;Vereinigte Volksrepublik;;;;;;;;;;;x;;;;;;;;;;;;;;;
CHP;Champa;Champa;Champa;;;;;;;;;;;x;;;;;;;;;;;;;;;
CHP_ADJ;Champan;Champa;Champaisch;;;;;;;;;;;x;;;;;;;;;;;;;;;
CHU;Chu;Chu;Chu;;;;;;;;;;;x;;;;;;;;;;;;;;;
CHU_ADJ;Chu;Chu;Chu;;;;;;;;;;;x;;;;;;;;;;;;;;;
CLM;Gran Colombia;Gran Colombia;Großkolumbien;;;;;;;;;;;;x;;;;;;;;;;;;;;
CLM_absolute_monarchy;The Colombian Empire;;;;;;;;;;;;;;x;;;;;;;;;;;;;;
CLM_hms_government;The Colombian Empire;;;;;;;;;;;;;;x;;;;;;;;;;;;;;
CLM_proletarian_dictatorship;Colombian Workers' Union;;;;;;;;;;;;;;x;;;;;;;;;;;;;;
CLM_prussian_constitutionalism;The Colombian Empire;;;;;;;;;;;;;;x;;;;;;;;;;;;;;
COR;Corsica;Corse;Corsica;;;;;;;;;;;;x;;;;;;;;;;;;;;
COR_ADJ;Corsican;Corse;Corsican;;;;;;;;;;;;x;;;;;;;;;;;;;;
CRC;Curacao;;;;;;;;;;;;;;x;;;;;;;;;;;;;;
CRC_ADJ;Curacaoan;;;;;;;;;;;;;;x;;;;;;;;;;;;;;
CRO;Illyria;;;;;;;;;;;;;;x;;;;;;;;;;;;;;
CRO_ADJ;Illyrian;;;;;;;;;;;;;;x;;;;;;;;;;;;;;
CUB;Cuba;Cuba;Cuba;;;;;;;;;;;;x;;;;;;;;;;;;;;
CUB_ADJ;Cuban;Cuban;Cuban;;;;;;;;;;;;x;;;;;;;;;;;;;;
CYR;Cyrenaica;;;;;;;;;;;;;;x;;;;;;;;;;;;;;
CYR_ADJ;Cyrenaican;;;;;;;;;;;;;;x;;;;;;;;;;;;;;
CZH;Bohemia;Bohême;Böhmen;;;;;;;;;;;;x;;;;;;;;;;;;;;
CZH_ADJ;Bohemian;Bohêmien;Böhmisch;;;;;;;;;;;;x;;;;;;;;;;;;;;
DAR;Darfour;Darfour;Darfour;;;;;;;;;;;;x;;;;;;;;;;;;;;
DAR;Darfour;Darfour;Darfour;;Darfour;;;;;;;;;;x;;;;;;;;;;;;;;
DAR_ADJ;Darfour;Darfour;Darfour;;;;;;;;;;;;x;;;;;;;;;;;;;;
DAR_ADJ;Darfour;Darfour;Darfour;;Darfour;;;;;;;;;;x;;;;;;;;;;;;;;
DAX;Sichuan;Daxi;Daxi;;;;;;;;;;;;x;;;;;;;;;;;;;;
DAX_absolute_monarchy;Daxi;Daxi;Daxi;;;;;;;;;;;;x;;;;;;;;;;;;;;
DAX_absolute_monarchy_ADJ;Daxian;Daxian;Daxian;;;;;;;;;;;;x;;;;;;;;;;;;;;
DAX_ADJ;Sichuanian;Daxien;Daxisch;;;;;;;;;;;x;;;;;;;;;;;;;;;
DAX_feudal_monarchy;Daxi;Daxi;Daxi;;;;;;;;;;;x;;;;;;;;;;;;;;;
DAX_feudal_monarchy_ADJ;Daxian;Daxian;Daxian;;;;;;;;;;;;x;;;;;;;;;;;;;;
DAX_hms_government;Daxi;Daxi;Daxi;;;;;;;;;;;;x;;;;;;;;;;;;;;
DAX_hms_government_ADJ;Daxian;Daxian;Daxian;;;;;;;;;;;;x;;;;;;;;;;;;;;
DAX_prussian_constitutionalism;Daxi;Daxi;Daxi;;;;;;;;;;;;x;;;;;;;;;;;;;;
DAX_prussian_constitutionalism_ADJ;Daxian;Daxian;Daxian;;;;;;;;;;;;x;;;;;;;;;;;;;;
DHY;Dahomey;;;;;;;;;;;;;;x;;;;;;;;;;;;;;
DHY_ADJ;Dahomey;;;;;;;;;;;;;;x;;;;;;;;;;;;;;
DIN;Dine Bikeyah;Dine Bikeyah;Dine Bikeyah;;;;;;;;;;;;x;;;;;;;;;;;;;;
DIN;Dine Bikeyah;Dine Bikeyah;Dine Bikeyah;Dine Bikeyah;;;;;;;;;;;x;;;;;;;;;;;;;;
DIN_ADJ;Navajo;Navajo;Navajo;;;;;;;;;;;;x;;;;;;;;;;;;;;
DIN_ADJ;Navajo;Navajo;Navajo;;Navajo;;;;;;;;;x;;;;;;;;;;;;;;;
DNG;Qingqiu;Qingqiu;Qingqiu;;;;;;;;;;;x;;;;;;;;;;;;;;;
DNG_ADJ;Qingqiu;Qingqiu;Qingqiu;;;;;;;;;;;x;;;;;;;;;;;;;;;
DRA;Dravida;Dravida;Dravida;;;;;;;;;;;x;;;;;;;;;;;;;;;
DRA_ADJ;Dravidian;Dravidian;Dravidian;;;;;;;;;;;x;;;;;;;;;;;;;;;
DUA;The Dual Monarchy;La Double-Monarchie;Die Doppel-Monarchie;;;;;;;;;;;x;;;;;;;;;;;;;;;
DUA_ADJ;Anglo-French;Franco-Anglais;Franco-Englisch;;;;;;;;;;;x;;;;;;;;;;;;;;;
DUA_bourgeois_dictatorship;The United Republic;La République Unie;Die Vereinigte Republik;;;;;;;;;;;x;;;;;;;;;;;;;;;
DUA_democracy;The United Republic;La République Unie;Die Vereinigte Republik;;;;;;;;;;;x;;;;;;;;;;;;;;;
DUA_fascist_dictatorship;The Western Empire;Grande France;Großfrankreich;;;;;;;;;;;x;;;;;;;;;;;;;;;
DUA_presidential_dictatorship;The United Republic;La République Unie;Die Vereinigte Republik;;;;;;;;;;;x;;;;;;;;;;;;;;;
DUA_proletarian_dictatorship;United People's Republic;République Populaire Unie;Vereinigte Volksrepublik;;;;;;;;;;;x;;;;;;;;;;;;;;;
ELS;San Salvador;San Salvador;San Salvador;;;;;;;;;;;x;;;;;;;;;;;;;;;
ENG;The British Commonwealth;Les Républiques Britanniques;The British Commonwealth;;;;;;;;;;;x;;;;;;;;;;;;;;;
ENG_absolute_monarchy;Great Britain;Grande-Bretagne;Great Britain;;;;;;;;;;;x;;;;;;;;;;;;;;;
ENG_ADJ;English;British;Britannique;;;;;;;;;;;x;;;;;;;;;;;;;;;
ENG_hms_government;Great Britain;Great Britain;Great Britain;;;;;;;;;;;x;;;;;;;;;;;;;;;
ENG_prussian_constitutionalism;Great Britain;Grande-Bretagne;Grossbritannien;;;;;;;;;;;x;;;;;;;;;;;;;;;
ENG_proletarian_dictatorship;Union of Britain;Union Britonne;;;;;;;;;;;x;;;;;;;;;;;;;;;
ENG_fascist_dictatorship;Republic of Britannia;Republique de Britannia;Republik Britannien;;R;;;;;;;;;x;;;;
ENG_fascist_dictatorship_ADJ;British;Britannien;Britisch;;;;;;;;;;;x;;;;
ENL;England;;;;;;;;;;;;;x;;;;;;;;;;;;;;;
ENL_ADJ;English;;;;;;;;;;;;;x;;;;;;;;;;;;;;;
EQN;Equinoxea;;;;;;;;;;;;;x;;;;;;;;;;;;;;;
EQN_ADJ;Equinoxean;;;;;;;;;;;;;x;;;;;;;;;;;;;;;
ERI;Eritrea;Eritrea;Eritrea;;;;;;;;;;;x;;;;;;;;;;;;;;;
ERI_ADJ;Eritrean;Eritrien;Eritreisch;;;;;;;;;;;x;;;;;;;;;;;;;;;
EST;Estland;Estonie;Estland;;;;;;;;;;;x;;;;;;;;;;;;;;;
EST_ADJ;Estonian;Estonien;Estisch;;;;;;;;;;;x;;;;;;;;;;;;;;;
FIJ;Fiji;Fiji;Fidschi;;;;;;;;;;;x;;;;;;;;;;;;;;;
FIJ_ADJ;Fijian;Fidjien;Fidschianisch;;;;;;;;;;;x;;;;;;;;;;;;;;;
FJA;Fuuta Jallon;Fuuta Jallon;Fuuta Jallon;;;;;;;;;;;x;;;;;;;;;;;;;;;
FJA;Fuuta Jallon;Fuuta Jallon;Fuuta Jallon;;Fuuta Jallon;;;;;;;;;x;;;;;;;;;;;;;;;
FJA_ADJ;Fuuta Jallon;Fuuta Jallon;Fuuta Jallon;;;;;;;;;;;x;;;;;;;;;;;;;;;
FJA_ADJ;Fuuta Jallon;Fuuta Jallon;Fuuta Jallon;;Fuuta Jallon;;;;;;;;;x;;;;;;;;;;;;;;;
FRA;France;France;France;;;;;;;;;;;x;;;;;;;;;;;;;;;
FRA_ADJ;French;French;French;;;;;;;;;;;x;;;;;;;;;;;;;;;
FRE;The Free Republics;;;;;;;;;;;;;x;;;;;;;;;;;;;;;
FRE_absolute_monarchy;The Free Provinces;;;;;;;;;;;;;x;;;;;;;;;;;;;;;
FRE_ADJ;Nord;;;;;;;;;;;;;x;;;;;;;;;;;;;;;
FRE_feudal_monarchy;The Free Provinces;;;;;;;;;;;;;x;;;;;;;;;;;;;;;
FRE_hms_government;The Free Provinces;;;;;;;;;;;;;x;;;;;;;;;;;;;;;
FRE_prussian_constitutionalism;The Free Provinces;;;;;;;;;;;;;x;;;;;;;;;;;;;;;
FRI;East Frisia;Frise orientale;Ostfriesland;;;;;;;;;;;x;;;;;;;;;;;;;;;
FRI_ADJ;Frisian;Frisien;Friesisch;;;;;;;;;;;x;;;;;;;;;;;;;;;
FRR;Ferrara;Ferrare;Ferrara;;;;;;;;;;;x;;;;;;;;;;;;;;;
FRR_ADJ;Ferrara;Ferrare;Ferrara;;;;;;;;;;;x;;;;;;;;;;;;;;;
FRR_democracy;Cispadana;;;;;;;;;;;;;x;;;;;;;;;;;;;;;
FRR_democracy_ADJ;Cispadanan;;;;;;;;;;;;;x;;;;;;;;;;;;;;;
FRT;Transalpina;;;;;;;;;;;;;x
FRT_ADJ;Franco-Italian;;;;;;;;;;;;;x
FUN;Soudan;Soudan;Sudan;;;;;;;;;;;x;;;;;;;;;;;;;;;
FUN_absolute_monarchy;Funj Sultanate;Sultanat de Funj;Sultanat von Funji;;;;;;;;;;;x;;;;;;;;;;;;;;;
FUN_absolute_monarchy_ADJ;Funjian;Funjien;Funjisch;;;;;;;;;;;x;;;;;;;;;;;;;;;
FUN_ADJ;Soudanese;Soudanais;Sudanesisch;;;;;;;;;;;x;;;;;;;;;;;;;;;
FUN_feudal_monarchy;Funj Sultanate;;;;;;;;;;;;;x;;;;;;;;;;;;;;;
FUN_feudal_monarchy_ADJ;Funjian;;;;;;;;;;;;;x;;;;;;;;;;;;;;;
FUN_hms_government;Funj Sultanate;Sultanat de Funj;Sultanat von Funji;;;;;;;;;;;x;;;;;;;;;;;;;;;
FUN_hms_government_ADJ;Funjian;Funjien;Funjisch;;;;;;;;;;;x;;;;;;;;;;;;;;;
FUN_prussian_constitutionalism;Funj Sultanate;Sultanat de Funj;Sultanat von Funji;;;;;;;;;;;x;;;;;;;;;;;;;;;
FUN_prussian_constitutionalism_ADJ;Funjian;Funjien;Funjisch;;;;;;;;;;;x;;;;;;;;;;;;;;;
GAL;Galicia;Galice;Galicia;;;;;;;;;;;x;;;;;;;;;;;;;;;
GAL_ADJ;Galician;Galicien;Galician;;;;;;;;;;;x;;;;;;;;;;;;;;;
GAN;Zhourao;Zhourao;Zhourao;;;;;;;;;;;x;;;;;;;;;;;;;;;
GAN_ADJ;Zhourao;Zhourao;Zhourao;;;;;;;;;;;x;;;;;;;;;;;;;;;
GEN_democracy;Liguria;;;;;;;;;;;;;x;;;;;;;;;;;;;;;
GEN_democracy_ADJ;Ligurian;;;;;;;;;;;;;x;;;;;;;;;;;;;;;
GER;The German Empire;;;;;;;;;;;;;x;;;;;;;;;;;;;;;
GER_ADJ;German;Allemand;Deutsch;;;;;;;;;;;x;;;;;;;;;;;;;;;
GER_proletarian_dictatorship;The Protectorate;;;;;;;;;;;;;x;;;;;;;;;;;;;;;
GLS;Galles;;;;;;;;;;;;;x;;;;;;;;;;;;;;;
GLS_ADJ;Gallois;;;;;;;;;;;;;x;;;;;;;;;;;;;;;
GNV;Geneva;Genève;Geneva;;;;;;;;;;;x;;;;;;;;;;;;;;;
GNV_ADJ;Genevan;Genèvois;Genevan;;;;;;;;;;;x;;;;;;;;;;;;;;;
GRA;Granada;Granada;Granada;;;;;;;;;;;x;;;;;;;;;;;;;;;
GRA_ADJ;Granadan;Granadien;Granadan;;;;;;;;;;;x;;;;;;;;;;;;;;;
GRQ;Vryland;Vryland;Vryland;;;;;;;;;;;x;;;;;;;;;;;;;;;
GRQ_ADJ;Baastard;Baastard;Baastard;;;;;;;;;;;x;;;;;;;;;;;;;;;
GUY;Essequibo;Essequibo;Essequibo;;;;;;;;;;;x;;;;;;;;;;;;;;;
GUY_ADJ;Essequiban;Essequiban;Essequiban;;;;;;;;;;;x;;;;;;;;;;;;;;;
HHR;Røhnnst;Røhnnst;Røhnnst;;;;;;;;;;;x;;;;;;;;;;;;;;;
HHR;Røhnnst;Røhnnst;Røhnnst;Røhnnst;;;;;;;;;;x;;;;;;;;;;;;;;;
HHR_ADJ;Røhnnst;Røhnnst;Røhnnst;;;;;;;;;;;x;;;;;;;;;;;;;;;
HHR_ADJ;Røhnnst;Røhnnst;Røhnnst;;Røhnnst;;;;;;;;;x;;;;;;;;;;;;;;;
HND;Hindustan;Hindustan;Hindustan;;;;;;;;;;;x;;;;;;;;;;;;;;;
HND_absolute_monarchy;Hindustan;Hindustan;Hindustan;;;;;;;;;;;x;;;;;;;;;;;;;;;
HND_absolute_monarchy_ADJ;Hindustani;Hindustani;Hindustanisch;;;;;;;;;;;x;;;;;;;;;;;;;;;
HND_fascist_dictatorship;Hindustan;Hindustan;Hindustan;;;;;;;;;;;x;;;;;;;;;;;;;;;
HND_fascist_dictatorship_ADJ;Hindustani;Hindustani;Hindustanisch;;;;;;;;;;;x;;;;;;;;;;;;;;;
HND_feudal_monarchy;Hindustan;;;;;;;;;;;;;x;;;;;;;;;;;;;;;
HND_feudal_monarchy_ADJ;Hindustani;;;;;;;;;;;;;x;;;;;;;;;;;;;;;
HND_hms_government;Hindustan;Hindustan;Hindustan;;;;;;;;;;;x;;;;;;;;;;;;;;;
HND_hms_government;India;;;;;;;;;;;;;x;;;;;;;;;;;;;;;
HND_hms_government_ADJ;Hindustani;Hindustani;Hindustanisch;;;;;;;;;;;x;;;;;;;;;;;;;;;
HND_prussian_constitutionalism;Hindustan;Hindustan;Hindustan;;;;;;;; ;;;x;;;;;;;;;;;;;;;
HND_prussian_constitutionalism_ADJ;Hindustani;Hindustani;Hindustanisch;;;;;;;;;;;x;;;;;;;;;;;;;;;
HNX;Han;Han;Han;;;;;;;;;;;x;;;;;;;;;;;;;;;
HNX_ADJ;Han;Han;Han;;;;;;;;;;;x;;;;;;;;;;;;;;;
HRE;The Holy Roman Empire;;;;;;;;;;;;;x;;;;;;;;;;;;;;;
HRE_ADJ;Imperial;;;;;;;;;;;;;x;;;;;;;;;;;;;;;
HRE_bourgeois_dictatorship;Freistaat Mitteleuropa ;;;;;;;;;;;;;x;;;;;;;;;;;;;;;
HRE_bourgeois_dictatorship_ADJ;Mitteleuropan ;;;;;;;;;;;;;x;;;;;;;;;;;;;;;
HRE_democracy;Freistaat Mitteleuropa ;;;;;;;;;;;;;x;;;;;;;;;;;;;;;
HRE_democracy_ADJ; Mitteleuropan ;;;;;;;;;;;;;x;;;;;;;;;;;;;;;
HRE_proletarian_dictatorship;The URRM;;;;;;;;;;;;;x;;;;;;;;;;;;;;;
HRE_proletarian_dictatorship_ADJ; Mitteleuropan;;;;;;;;;;;;;x;;;;;;;;;;;;;;;
ILO;Ilorin;Ilorin;Ilorin;;;;;;;;;;;x;;;;;;;;;;;;;;;
ILO_ADJ;Ilorini;Ilorin;Ilorin;;;;;;;;;;;x;;;;;;;;;;;;;;;
INC;Tawantinsuyu;Inca;Inka;;;;;;;;;;;x;;;;;;;;;;;;;;;
INC_ADJ;Inca;Inca;Inka;;;;;;;;;;;x;;;;;;;;;;;;;;;
IRO;Haudenosaunee;Haudenosaunee;Haudenosaunee;;;;;;;;;;;x;;;;;;;;;;;;;;;
IRO;Haudenosaunee;Haudenosaunee;Haudenosaunee;;Haudenosaunee;;;;;;;;;x;;;;;;;;;;;;;;;
IRO_ADJ;Haudenosaunee;Haudenosaunee;Haudenosaunee;;;;;;;;;;;x;;;;;;;;;;;;;;;
IRO_ADJ;Haudenosaunee;Haudenosaunee;Haudenosaunee;;Haudenosaunee;;;;;;;;;x;;;;;;;;;;;;;;;
IRQ;Iraq;Iraq;Irak;;;;;;;;;;;x;;;;;;;;;;;;;;;
IRQ_ADJ;Iraqi;Iraqien;Irakisch;;;;;;;;;;;x;;;;;;;;;;;;;;;
JAM;Eendrachtsland;Eendrachtsland;Eendrachtsland;;;;;;;;;;;x;;;;;;;;;;;;;;;
JAM_ADJ;Eendrachtslander;Eendrachtslander;Eendrachtslander;;;;;;;;;;;x;;;;;;;;;;;;;;;
JAP_absolute_monarchy;The Japanese Empire;;;;;;;;;;;;;x;;;;;;;;;;;;;;;
JAP_feudal_monarchy;The Japanese Empire;;;;;;;;;;;;;x;;;;;;;;;;;;;;;
JAP_prussian_constitutionalism;The Japanese Empire;;;;;;;;;;;;;x;;;;;;;;;;;;;;;
JLS;Jalisco;Jalisco;Jalisco;;;;;;;;;;;x;;;;;;;;;;;;;;;
JLS_ADJ;Jaliscan;Jaliscien;Jaliscan;;;;;;;;;;;x;;;;;;;;;;;;;;;
JOH;Malacca;;;;;;;;;;;;;x;;;;;;;;;;;;;;;
JOH_ADJ;Malaccan;;;;;;;;;;;;;x;;;;;;;;;;;;;;;
JOR;Jordan;Jordanie;Jordanien;;;;;;;;;;;x;;;;;;;;;;;;;;;
JOR_absolute_monarchy;Al-Urdan;Al-Urdan;Al-Urdan;;;;;;;;;;;x;;;;;;;;;;;;;;;
JOR_ADJ;Jordanian;Jordanien;Jordanisch;;;;;;;;;;;x;;;;;;;;;;;;;;;
JOR_feudal_monarchy;Al-Urdan;;;;;;;;;;;;;x;;;;;;;;;;;;;;;
JOR_hms_government;Al-Urdan;Al-Urdan;Al-Urdan;;;;;;;;;;;x;;;;;;;;;;;;;;;
JOR_prussian_constitutionalism;Al-Urdan;Al-Urdan;Al-Urdan;;;;;;;;;;;x;;;;;;;;;;;;;;;
KAL;Herat;Herat;Herat;;;;;;;;;;;x;;;;;;;;;;;;;;;
KAL_ADJ;Herati;Herati;Herati;;;;;;;;;;;x;;;;;;;;;;;;;;;
KAN;Kanem-Bornu;Kanem-Bornu;Kanem-Bornu;;;;;;;;;;;x;;;;;;;;;;;;;;;
KAN_ADJ;Kanem-Bornian;Kanem-Bornien;Kanem-Bornisch;;;;;;;;;;;x;;;;;;;;;;;;;;;
KGO;Kongo;Kongo;Kongo;;Kongo;;;;;;;;;x;;;;;;;;;;;;;;;
KGO_ADJ;Kongolese;Kongolais;Kongolese;;Kongolese;;;;;;;;;x;;;;;;;;;;;;;;;
KKN;Kita Kaigan;;;;;;;;;;;;;x;;;;;;;;;;;;;;;
KKN_ADJ;Kaiganese;;;;;;;;;;;;;x;;;;;;;;;;;;;;;
KLM;Kalimantan;;;;;;;;;;;;;x;;;;;;;;;;;;;;;
KLM_ADJ;Kalimantan;;;;;;;;;;;;;x;;;;;;;;;;;;;;;
KNO;Kano;Kano;Kano;;;;;;;;;;;x;;;;;;;;;;;;;;;
KNO_ADJ;Kanese;Kanese;Kanese;;;;;;;;;;;x;;;;;;;;;;;;;;;
KON;Kongo;Kongo;Kongo;;Congo;;;;;;;;;x;;;;;;;;;;;;;;;
KON_ADJ;Kongolese;Kongolaise;Kongolesische;;;;;;;;;;;x;;;;;;;;;;;;;;;
KON_anarcho_liberal;Radical Faction;Faction radicale;Die radikale Fraktion;;;;;;;;;;;x;;;;;;;;;;;;;;;
KON_communist;Communist Faction;Faction communiste;Die kommunistische Fraktion;;;;;;;;;;;x;;;;;;;;;;;;;;;
KON_conservative;MweneKongo Faction;Faction MweneKongo;MweneKongo Fraktion;;;;;;;;;;;x;;;;;;;;;;;;;;;
KON_fascist;Fascist Faction;Faction fasciste;Die faschistische Fraktion;;;;;;;;;;;x;;;;;;;;;;;;;;;
KON_liberal;Reform Faction;Faction de réforme;Verbesserung Fraktion;;;;;;;;;;;x;;;;;;;;;;;;;;;
KON_reactionary;Religious Faction;Religieux Faction;Religiöse Fraktion;;;;;;;;;;;x;;;;;;;;;;;;;;;
KON_socialist;Socialist Faction;Faction socialiste;Die sozialistische Fraktion;;;;;;;;;;;x;;;;;;;;;;;;;;;
KRL;Courland;Courland;Courland;;;;;;;;;;;x;;;;;;;;;;;;;;;
KRL_ADJ;Curonian;Curonien;Curonian;;;;;;;;;;;x;;;;;;;;;;;;;;;
KUB;Kuba;Kuba;Kuba;;Kuba;;;;;;;;;x;;;;;;;;;;;;;;;
KUB_ADJ;Kuba;Kuba;Kuba;;;;;;;;;;;x;;;;;;;;;;;;;;;
KUB_anarcho_liberal;Radical Faction;Faction radicale;Die radikale Fraktion;;;;;;;;;;;x;;;;;;;;;;;;;;;
KUB_communist;Communist Faction;Faction communiste;Die kommunistische Fraktion;;;;;;;;;;;x;;;;;;;;;;;;;;;
KUB_conservative;Nyim's Faction;Faction Nyim;Nyim Fraktion;;;;;;;;;;;x;;;;;;;;;;;;;;;
KUB_fascist;Fascist Faction;Faction fasciste;Die faschistische Fraktion;;;;;;;;;;;x;;;;;;;;;;;;;;;
KUB_liberal;Reform Faction;Faction de réforme;Verbesserung Fraktion;;;;;;;;;;;x;;;;;;;;;;;;;;;
KUB_reactionary;Aristocrat's faction;Faction des aristocrates;Aristokraten Fraktion;;;;;;;;;;;x;;;;;;;;;;;;;;;
KUB_socialist;Socialist Faction;Faction socialiste;Die sozialistische Fraktion;;;;;;;;;;;x;;;;;;;;;;;;;;;
KUR;Kurdistan;Kurdistan;Kurdistan;;;;;;;;;;;x;;;;;;;;;;;;;;;
KUR_ADJ;Kurd;Kurde;Kurdisch;;;;;;;;;;;x;;;;;;;;;;;;;;;
KZB;Kazembe;Kazembe;Kazembe;;Cazembe;;;;;;;;;x;;;;;;;;;;;;;;;
KZB_ADJ;Kazembe;Kazembe;Kazembe;;;;;;;;;;;x;;;;;;;;;;;;;;;
KZB_anarcho_liberal;Radical Faction;Faction radicale;Die radikale Fraktion;;;;;;;;;;;x;;;;;;;;;;;;;;;
KZB_communist;Communist Faction;Faction communiste;Die kommunistische Fraktion;;;;;;;;;;;x;;;;;;;;;;;;;;;
KZB_conservative;Mwata Faction;Faction Mwata;Mwata fraktion;;;;;;;;;;;x;;;;;;;;;;;;;;;
KZB_fascist;Fascist Faction;Faction fasciste;Die faschistische Fraktion;;;;;;;;;;;x;;;;;;;;;;;;;;;
KZB_liberal;Reform Faction;Faction de réforme;Verbesserung Fraktion;;;;;;;;;;;x;;;;;;;;;;;;;;;
KZB_reactionary;Empire Faction;Faction d'empire;Reich Fraktion;;;;;;;;;;;x;;;;;;;;;;;;;;;
KZB_socialist;Socialist Faction;Faction socialiste;Die sozialistische Fraktion;;;;;;;;;;;x;;;;;;;;;;;;;;;
KZH;Kazakhstan;Kazakhstan;Kazakhstan;;;;;;;;;;;x;;;;;;;;;;;;;;;
KZH_absolute_monarchy;Kazakh Khanate;Kazakh Khanate;Kazakh Khanate;;;;;;;;;;;x;;;;;;;;;;;;;;;
KZH_ADJ;Kazakh;Kazakh;Kazakh;;;;;;;;;;;x;;;;;;;;;;;;;;;
KZH_feudal_monarchy;Kazakh Khanate;Kazakh Khanate;Kazakh Khanate;;;;;;;;;;;x;;;;;;;;;;;;;;;
KZH_hms_government;Kazakh Khanate;Kazakh Khanate;Kazakh Khanate;;;;;;;;;;;x;;;;;;;;;;;;;;;
KZH_prussian_constitutionalism;Kazakh Khanate;Kazakh Khanate;Kazakh Khanate;;;;;;;;;;;x;;;;;;;;;;;;;;;
LAT;Livonia;Livonie;Livonia;;;;;;;;;;;x;;;;;;;;;;;;;;;
LAT_ADJ;Livonian;Livonien;Livländisch;;;;;;;;;;;x;;;;;;;;;;;;;;;
LBA;Luba;Luba;Luba;;Luba;;;;;;;;;x;;;;;;;;;;;;;;;
LBA_ADJ;Luba;Luba;Luba;;;;;;;;;;;x;;;;;;;;;;;;;;;
LBA_anarcho_liberal;Radical Faction;Faction radicale;Die radikale Fraktion;;;;;;;;;;;x;;;;;;;;;;;;;;;
LBA_communist;Communist Faction;Faction communiste;Die kommunistische Fraktion;;;;;;;;;;;x;;;;;;;;;;;;;;;
LBA_conservative;Royal Faction;Faction royale;Königsfraktion;;;;;;;;;;;x;;;;;;;;;;;;;;;
LBA_fascist;Fascist Faction;Faction fasciste;Die faschistische Fraktion;;;;;;;;;;;x;;;;;;;;;;;;;;;
LBA_liberal;Reform Faction;Faction de réforme;Verbesserung Fraktion;;;;;;;;;;;x;;;;;;;;;;;;;;;
LBA_reactionary;Empire Faction;Faction d'empire;Reich Fraktion;;;;;;;;;;;x;;;;;;;;;;;;;;;
LBA_socialist;Socialist Faction;Faction socialiste;Die sozialistische Fraktion;;;;;;;;;;;x;;;;;;;;;;;;;;;
LBY;Libya;;;;;;;;;;;x
LBY_ADJ;Libyan;;;;;;;;;;;x
LEO;Léonie;;;;;;;;;;;;;x;;;;;;;;;;;;;;;
LEO_ADJ;Leonian;;;;;;;;;;;;;x;;;;;;;;;;;;;;;
LFG;Lanfang;Lanfang;Lanfang;;;;;;;;;;;x;;;;;;;;;;;;;;;
LFG_ADJ;Lanfang;Lanfang;Lanfang;;;;;;;;;;;x;;;;;;;;;;;;;;;
LIB;Libérie;;;;;;;;;;;;;x;;;;;;;;;;;;;;;
LIB_ADJ;Libérienne;;;;;;;;;;;;;x;;;;;;;;;;;;;;;
LIV;Livland;;;;;;;;;;;;;x;;;;;;;;;;;;;;;
LIV_ADJ;Livlandian;;;;;;;;;;;;;x;;;;;;;;;;;;;;;
LOA;Loango;Loango;Loango;;Loango;;;;;;;;;x;;;;;;;;;;;;;;;
LOA_ADJ;Loangoese;Loangoaise;Loangoische;;;;;;;;;;;x;;;;;;;;;;;;;;;
LOA_anarcho_liberal;Radical Faction;Faction radicale;Die radikale Fraktion;;;;;;;;;;;x;;;;;;;;;;;;;;;
LOA_communist;Communist Faction;Faction communiste;Die kommunistische Fraktion;;;;;;;;;;;x;;;;;;;;;;;;;;;
LOA_conservative;Ma Lwããgu's Faction;Faction Ma Lwããgu;Ma Lwããgu Fraktion;;;;;;;;;;;x;;;;;;;;;;;;;;;
LOA_fascist;Fascist Faction;Faction fasciste;Die faschistische Fraktion;;;;;;;;;;;x;;;;;;;;;;;;;;;
LOA_liberal;Reform Faction;Faction de réforme;Verbesserung Fraktion;;;;;;;;;;;x;;;;;;;;;;;;;;;
LOA_reactionary;Traditions Faction;Faction des traditions;Traditionen Fraktion;;;;;;;;;;;x;;;;;;;;;;;;;;;
LOA_socialist;Socialist Faction;Faction socialiste;Die sozialistische Fraktion;;;;;;;;;;;x;;;;;;;;;;;;;;;
LOM_absolute_monarchy;Milan;;;;;;;;;;;;;x;;;;;;;;;;;;;;;
LOM_absolute_monarchy_ADJ;Milanese;;;;;;;;;;;;;x;;;;;;;;;;;;;;;
LOM_democracy;Transpadana;;;;;;;;;;;;;x;;;;;;;;;;;;;;;
LOM_democracy_ADJ;Transpadan;;;;;;;;;;;;;x;;;;;;;;;;;;;;;
LOM_hms_government;Milan;;;;;;;;;;;;;x;;;;;;;;;;;;;;;
LOM_hms_government_ADJ;Milanese;;;;;;;;;;;;;x;;;;;;;;;;;;;;;
LOM_prussian_constitutionalism;Milan;;;;;;;;;;;;;x;;;;;;;;;;;;;;;
LOM_prussian_constitutionalism_ADJ;Milanese;;;;;;;;;;;;;x;;;;;;;;;;;;;;;
LOT;Lotharingia;Lotharingie;Lothringen;;;;;;;;;;;x;;;;;;;;;;;;;;;
LOT_ADJ;Lotharingian;Lotharingien;Lothringisch;;;;;;;;;;;x;;;;;;;;;;;;;;;
LRR;Lorraine;Lorraine;Lorraine;;;;;;;;;;;x;;;;;;;;;;;;;;;
LRR_ADJ;Lorrainian;Lorrain;Lorraine;;;;;;;;;;;x;;;;;;;;;;;;;;;
LST;Lusitania;Lusitanie;Lusitania;;;;;;;;;;;x;;;;;;;;;;;;;;;
LST_ADJ;Lusitanian;Lusitanien;Lusitanian;;;;;;;;;;;x;;;;;;;;;;;;;;;
LUA;Lan Xang;Lan Xang;Lan Xang;;;;;;;;;;;x;;;;;;;;;;;;;;;
LUA_ADJ;Lao;Lao;Laotisch;;;;;;;;;;;x;;;;;;;;;;;;;;;
LUA_bourgeois_dictatorship;Laos;Laos;Laos;;;;;;;;;;;x;;;;;;;;;;;;;;;
LUA_democracy;Laos;Laos;Laos;;;;;;;;;;;x;;;;;;;;;;;;;;;
LUA_presidential_dictatorship;Laos;Laos;Laos;;;;;;;;;;;x;;;;;;;;;;;;;;;
LUA_proletarian_dictatorship;Laos;Laos;Laos;;;;;;;;;;;x;;;;;;;;;;;;;;;
LUN;Lunda;Lunda;Lunda;;Lunda;;;;;;;;;x;;;;;;;;;;;;;;;
LUN_ADJ;Lunda;Lundas;Lunda;;;;;;;;;;;x;;;;;;;;;;;;;;;
LUN_anarcho_liberal;Radical Faction;Faction radicale;Die radikale Fraktion;;;;;;;;;;;x;;;;;;;;;;;;;;;
LUN_communist;Communist Faction;Faction communiste;Die kommunistische Fraktion;;;;;;;;;;;x;;;;;;;;;;;;;;;
LUN_conservative;Royal Faction;Faction royale;Königsfraktion;;;;;;;;;;;x;;;;;;;;;;;;;;;
LUN_fascist;Fascist Faction;Faction fasciste;Die faschistische Fraktion;;;;;;;;;;;x;;;;;;;;;;;;;;;
LUN_liberal;Reform Faction;Faction de réforme;Verbesserung Fraktion;;;;;;;;;;;x;;;;;;;;;;;;;;;
LUN_reactionary;Empire Faction;Faction d'empire;Reich Fraktion;;;;;;;;;;;x;;;;;;;;;;;;;;;
LUN_socialist;Socialist Faction;Faction socialiste;Die sozialistische Fraktion;;;;;;;;;;;x;;;;;;;;;;;;;;;
LWE;Leeuwin;Leeuwin;Leeuwin;;;;;;;;;;;x;;;;;;;;;;;;;;;
LWE_ADJ;Leeuwin;Leeuwin;Leeuwin;;;;;;;;;;;x;;;;;;;;;;;;;;;
MAC;Macedonia;Macédoine;Macedonia;;;;;;;;;;;x;;;;;;;;;;;;;;;
MAC_ADJ;Macedonian;Macédonien;Macedonian;;;;;;;;;;;x;;;;;;;;;;;;;;;
MAD;Merina;Merina;Merina;;;;;;;;;;;x;;;;;;;;;;;;;;;
MAD_ADJ;Merina;Merina;Merina;;;;;;;;;;;x;;;;;;;;;;;;;;;
MAL;Mossi Empire;Mossi Empire;Mossi Empire;;;;;;;;;;;x;;;;;;;;;;;;;;;
MAL_ADJ;Mossi;Mossi;Mossi;;;;;;;;;;;x;;;;;;;;;;;;;;;
MAT;Matabele;Matabele;Matabele;;Matabele;;;;;;;;;x;;;;;;;;;;;;;;;
MAT_ADJ;Matabele;Matabele;Matabele;;;;;;;;;;;x;;;;;;;;;;;;;;;
MAT_anarcho_liberal;Radical Faction;Faction radicale;Die radikale Fraktion;;;;;;;;;;;x;;;;;;;;;;;;;;;
MAT_communist;Communist Faction;Faction communiste;Die kommunistische Fraktion;;;;;;;;;;;x;;;;;;;;;;;;;;;
MAT_conservative;Royal Faction;Faction royale;Königsfraktion;;;;;;;;;;;x;;;;;;;;;;;;;;;
MAT_fascist;Fascist Faction;Faction fasciste;Die faschistische Fraktion;;;;;;;;;;;x;;;;;;;;;;;;;;;
MAT_liberal;Reform Faction;Faction de réforme;Verbesserung Fraktion;;;;;;;;;;;x;;;;;;;;;;;;;;;
MAT_reactionary;Empire Faction;Faction d'empire;Reich Fraktion;;;;;;;;;;;x;;;;;;;;;;;;;;;
MAT_socialist;Socialist Faction;Faction socialiste;Die sozialistische Fraktion;;;;;;;;;;;x;;;;;;;;;;;;;;;
MCK;The Qing Empire;Manchu;Mandschu;;;;;;;;;;;x;;;;;;;;;;;;;;;
MCH;Manchukuo;;;;;;;;;;;x;;;;;;;;;;;;;;;
MCH_ADJ;Manchu;;;;;;;;;;;x;;;;;;;;;;;;;;;
MDR;Madurai;Madurai;Madurai;;;;;;;;;;;x;;;;;;;;;;;;;;;
MDR_ADJ;Madurian;Madurien;Maduraisch;;;;;;;;;;;x;;;;;;;;;;;;;;;
MGH;Maghreb;;;;;;;;;;;x
MGH_ADJ;Maghrebi;;;;;;;;;;;x
MIG;Jiangsu;Ming;Ming;;;;;;;;;;;x;;;;;;;;;;;;;;;
MIG_absolute_monarchy;Song;Song;Song;;;;;;;;;;;x;;;;;;;;;;;;;;;
MIG_absolute_monarchy_ADJ;Song;Song;Song;;;;;;;;;;;x;;;;;;;;;;;;;;;
MIG_ADJ;Jiangsu;Ming;Ming;;;;;;;;;;;x;;;;;;;;;;;;;;;
MIG_feudal_monarchy;Song;Song;Song;;;;;;;;;;;x;;;;;;;;;;;;;;;
MIG_feudal_monarchy_ADJ;Song;Song;Song;;;;;;;;;;;x;;;;;;;;;;;;;;;
MIG_hms_government;Song;Song;Song;;;;;;;;;;;x;;;;;;;;;;;;;;;
MIG_hms_government_ADJ;Song;Song;Song;;;;;;;;;;;x;;;;;;;;;;;;;;;
MIG_prussian_constitutionalism;Song;Song;Song;;;;;;;;;;;x;;;;;;;;;;;;;;;
MIG_prussian_constitutionalism_ADJ;Song;Song;Song;;;;;;;;;;;x;;;;;;;;;;;;;;;
MIX;Min;Min;Min;;;;;;;;;;;x;;;;;;;;;;;;;;;
MIX_ADJ;Min;Min;Min;;;;;;;;;;;x;;;;;;;;;;;;;;;
MKS;Makassar;Makassar;Makassar;;;;;;;;;;;x;;;;;;;;;;;;;;;
MKS_ADJ;Makassari;Makassar;Makassari;;;;;;;;;;;x;;;;;;;;;;;;;;;
MLD;Maldives;Maldives;Maldives;;;;;;;;;;;x;;;;;;;;;;;;;;;
MLD_ADJ;Maldivian;Maldivien;Maldivian;;;;;;;;;;;x;;;;;;;;;;;;;;;
MLT;Malta;Malte;Malta;;;;;;;;;;;x;;;;;;;;;;;;;;;
MLT_ADJ;Maltese;Maltais;Maltese;;;;;;;;;;;x;;;;;;;;;;;;;;;
MNG;Mongo;Mongo;Mongo;;Mongo;;;;;;;;;x;;;;;;;;;;;;;;;
MNG_ADJ;Mongo;Mongo;Mongo;;;;;;;;;;;x;;;;;;;;;;;;;;;
MNG_anarcho_liberal;Radical Faction;Faction radicale;Die radikale Fraktion;;;;;;;;;;;x;;;;;;;;;;;;;;;
MNG_communist;Communist Faction;Faction communiste;Die kommunistische Fraktion;;;;;;;;;;;x;;;;;;;;;;;;;;;
MNG_conservative;Royal Faction;Faction royale;Königsfraktion;;;;;;;;;;;x;;;;;;;;;;;;;;;
MNG_fascist;Fascist Faction;Faction fasciste;Die faschistische Fraktion;;;;;;;;;;;x;;;;;;;;;;;;;;;
MNG_liberal;Reform Faction;Faction de réforme;Verbesserung Fraktion;;;;;;;;;;;x;;;;;;;;;;;;;;;
MNG_reactionary;Empire Faction;Faction d'empire;Reich Fraktion;;;;;;;;;;;x;;;;;;;;;;;;;;;
MNG_socialist;Socialist Faction;Faction socialiste;Die sozialistische Fraktion;;;;;;;;;;;x;;;;;;;;;;;;;;;
MNR;Münster;;;;;;;;;;;;;x;;;;;;;;;;;;;;;
MNR_ADJ;Münsterite;;;;;;;;;;;;;x;;;;;;;;;;;;;;;
MOR;Mauretania;;;;;;;;;;;;;x
MOR_ADJ;Mauretanian;;;;;;;;;;;;;x
MUG;Mughal Empire;Empire Moghol;Mogulreich;;;;;;;;;;;x;;;;;;;;;;;;;;;
MUS;Muscovy;Moscovie;Moskau;;;;;;;;;;;x;;;;;;;;;;;;;;;
MUS_ADJ;Muscovite;Moscovite;Moskauisch;;;;;;;;;;;x;;;;;;;;;;;;;;;
NAN;Beornia;Beornie;Beornia;;;;;;;;;;;x;;;;;;;;;;;;;;;
NAN_ADJ;Beornian;Beornien;Beornisch;;;;;;;;;;;x;;;;;;;;;;;;;;;
NAS;Hesse-Nassau;Hesse-Nassau;Hesse-Nassau;;;;;;;;;;;x;;;;;;;;;;;;;;;
NAS;Nassau;;;;;;;;;;;;;x;;;;;;;;;;;;;;;
NAS_ADJ;Nassauan;;;;;;;;;;;;;x;;;;;;;;;;;;;;;
NAV;Navarra;Euskadi;Baskenland;;;;;;;;;;;x;;;;;;;;;;;;;;;
NAV_ADJ;Basque;Basque;Baskisch;;;;;;;;;;;x;;;;;;;;;;;;;;;
NBG;The Seven Republics;Les Sept Républiques;Die sieben Republiken;;;;;;;;;;;x;;;;;;;;;;;;;;;
NBG_absolute_monarchy;The Seven Provinces;Les Sept Provinces;Die sieben Republiken;;;;;;;;;;;x;;;;;;;;;;;;;;;
NBG_ADJ;Septima;Septima;Septima;;;;;;;;;;;x;;;;;;;;;;;;;;;
NBG_fascist;The Phalanx;;;;;;;;;;;;;x;;;;;;;;;;;;;;;
NBG_hms_government;The Seven Provinces;Les Sept Provinces;Die sieben Republiken;;;;;;;;;;;x;;;;;;;;;;;;;;;
NBG_prussian_constitutionalism;The Seven Provinces;Les Sept Provinces;Die sieben Republiken;;;;;;;;;;;x;;;;;;;;;;;;;;;
NEJ;Arabia;Arabie;Arabien;;;;;;;;;;;x;;;;;;;;;;;;;;;
NEJ_ADJ;Arabian;Arabique;Arabisch;;;;;;;;;;;x;;;;;;;;;;;;;;;
NFL;Nuweflander;Nuweflander;Nuweflander;;;;;;;;;;;x;;;;;;;;;;;;;;;
NFL_ADJ;Nuweflander;Nuweflander;Nuweflander;;;;;;;;;;;x;;;;;;;;;;;;;;;
NGF;The League of Berlin;Confédération de l'Elbe;Elbian Confederacy;;;;;;;;;;;x;;;;;;;;;;;;;;;
NGF_ADJ;North German;Elbois;Elbian;;;;;;;;;;;x;;;;;;;;;;;;;;;
NIC;Matacalpa;;;;;;;;;;;;;x;;;;;;;;;;;;;;;
NIC_ADJ;Matacalpan;;;;;;;;;;;;;x;;;;;;;;;;;;;;;
NOG_absolute_monarchy;Nogai Empire;;;;;;;;;;;;;x;;;;;;;;;;;;;;;
NOG_ADJ;Nogai;;;;;;;;;;;;;x;;;;;;;;;;;;;;;
NOG_democracy;Nogai Republic;;;;;;;;;;;;;x;;;;;;;;;;;;;;;
NOG_fascist_dictatorship;State of Nogai;;;;;;;;;;;;;x;;;;;;;;;;;;;;;
NOG_feudal_monarchy;Nogai Khanate;;;;;;;;;;;;;x;;;;;;;;;;;;;;;
NOG_hms_government;Nogai Khanate;;;;;;;;;;;;;x;;;;;;;;;;;;;;;
NOG_proletarian_dictatorship;People's Republic of Nogai;;;;;;;;;;;;;x;;;;;;;;;;;;;;;
NOG_prussian_constitutionalism;Nogai Khanate;;;;;;;;;;;;;x;;;;;;;;;;;;;;;
NOO;Noongar;Noongar;Noongar;;;;;;;;;;;x;;;;;;;;;;;;;;;
NOO_ADJ;Noongari;Noongar;Noongar;;;;;;;;;;;x;;;;;;;;;;;;;;;
NOV;Novgorod;Novgorod;Nowgorod;;;;;;;;;;;x;;;;;;;;;;;;;;;
NOV_ADJ;Novgorodian;Novgorodien;Nowgorodisch;;;;;;;;;;;x;;;;;;;;;;;;;;;
NPO;Neupommern;;;;;;;;;;;;;x;;;;;;;;;;;;;;;
NPO_ADJ;Neupommer;;;;;;;;;;;;;x;;;;;;;;;;;;;;;
NRI;Nri;Nri;Nri;;;;;;;;;;;x;;;;;;;;;;;;;;;
NRI;Nri;Nri;Nri;Nri;;;;;;;;;;x;;;;;;;;;;;;;;;
NRI_ADJ;Nri;Nri;Nri;;;;;;;;;;;x;;;;;;;;;;;;;;;
NRI_ADJ;Nri;Nri;Nri;Nri;;;;;;;;;;x;;;;;;;;;;;;;;;
NUN;Nunavut;Nunavut;Nunavut;;;;;;;;;;;x;;;;;;;;;;;;;;;
NUN;Nunavut;Nunavut;Nunavut;;Nunavut;;;;;;;;;x;;;;;;;;;;;;;;;
NUN_ADJ;Inuit;Inuit;Inuit;;;;;;;;;;;x;;;;;;;;;;;;;;;
NUN_ADJ;Inuit;Inuit;Inuit;;Inuit;;;;;;;;;x;;;;;;;;;;;;;;;
NUS;Nusantara;Nusantara;Nusantara;;;;;;;;;;;x;;;;;;;;;;;;;;;
NUS_ADJ;Nusantaran;Nusantaran;Nusantaran;;;;;;;;;;;x;;;;;;;;;;;;;;;
OCC;Occitania;Occitanie;Okzitanien;;;;;;;;;;;x;;;;;;;;;;;;;;;
OCC_ADJ;Occitan;Occitanie;Okzitanisch;;;;;;;;;;;x;;;;;;;;;;;;;;;
OCE;Oceti Sakowin;Oceti Sakowin;Oceti Sakowin;;;;;;;;;;;x;;;;;;;;;;;;;;;
OCE;Oceti Sakowin;Oceti Sakowin;Oceti Sakowin;Oceti Sakowin;;;;;;;;;;x;;;;;;;;;;;;;;;
OCE_ADJ;Dakota;Dakota;Dakota;;;;;;;;;;;x;;;;;;;;;;;;;;;
OCE_ADJ;Dakota;Dakota;Dakota;;Dakota;;;;;;;;;x;;;;;;;;;;;;;;;
ORO;Oromyia;Oromie;Oromyia;;;;;;;;;;;x;;;;;;;;;;;;;;;
ORO_ADJ;Oromo;Oromo;Oromo;;;;;;;;;;;x;;;;;;;;;;;;;;;
OYO;Oyo;Oyo;Oyo;;;;;;;;;;;x;;;;;;;;;;;;;;;
OYO;Oyo;Oyo;Oyo;Oyo;;;;;;;;;;x;;;;;;;;;;;;;;;
OYO_ADJ;Oyo;Oyo;Oyo;;;;;;;;;;;x;;;;;;;;;;;;;;;
OYO_ADJ;Oyo;Oyo;Oyo;Oyo;;;;;;;;;;x;;;;;;;;;;;;;;;
PAL;Palatinate;Palatinat;Kurpfalz;;;;;;;;;;;x;;;;;;;;;;;;;;;
PAL_ADJ;Palatinatian;Palatinatien;Kurpfälzisch;;;;;;;;;;;x;;;;;;;;;;;;;;;
PAP;The Papal States;;;;;;;;;;;;;x;;;;;;;;;;;;;;;
PAP_absolute_monarchy;The Papal States;;;;;;;;;;;;;x;;;;;;;;;;;;;;;
PAP_absolute_monarchy_ADJ;Papal;;;;;;;;;;;;;x;;;;;;;;;;;;;;;
PAP_ADJ;Papal;;;;;;;;;;;;;x;;;;;;;;;;;;;;;
PAP_democracy;Roman Republic;;;;;;;;;;;;;x;;;;;;;;;;;;;;;
PAP_democracy_ADJ;Roman;;;;;;;;;;;;;x;;;;;;;;;;;;;;;
PAP_fascist_dictatorship;The Holy See;;;;;;;;;;;;;x;;;;;;;;;;;;;;;
PAP_fascist_dictatorship_ADJ;Roman;;;;;;;;;;;;;x;;;;;;;;;;;;;;;
PAP_hms_government;Latium;;;;;;;;;;;;;x;;;;;;;;;;;;;;;
PAP_hms_government_ADJ;Latin;;;;;;;;;;;;;x;;;;;;;;;;;;;;;
PAP_prussian_constitutionalism;The Papal States;;;;;;;;;;;;;x;;;;;;;;;;;;;;;
PAP_prussian_constitutionalism_ADJ;Papal;;;;;;;;;;;;;x;;;;;;;;;;;;;;;
PAT;Pattani;;;;;;;;;;;;;x;;;;;;;;;;;;;;;
PAT_ADJ;Pattani;;;;;;;;;;;;;x;;;;;;;;;;;;;;;
PER;Persia;Persia;Persia;;;;;;;;;;;x;;;;;;;;;;;;;;;
PER_ADJ;Persian;Persian;Persian;;;;;;;;;;;x;;;;;;;;;;;;;;;
PLA;Plantagenia;Plantagenia;Plantagenetien;;;;;;;;;;;x;;;;;;;;;;;;;;;
PLA_ADJ;Plantagonian;Plantagonien;Plantagonisch;;;;;;;;;;;x;;;;;;;;;;;;;;;
PLC;The Commonwealth;Pologne-Lituanie;Polen-Litauen;;;;;;;;;;;x;;;;;;;;;;;;;;;
PLC_ADJ;Polish-Lithuanian;Polonais-Lituanien;Polnisch-Litauisch;;;;;;;;;;;x;;;;;;;;;;;;;;;
PLM;Palembang;;;;;;;;;;;;;x;;;;;;;;;;;;;;;
PLM_ADJ;Palembang;;;;;;;;;;;;;x;;;;;;;;;;;;;;;
PLS;Al-Quds;Al-Quds;Al-Quds;;;;;;;;;;;x;;;;;;;;;;;;;;;
PLS_ADJ;Palestinian;Palestinian;Palestinian;;;;;;;;;;;x;;;;;;;;;;;;;;;
PNJ;Panjab;Pendjab;Pandschab;;Punjab;;;;;;;;;x;;;;;;;;;;;;;;;
PNJ_ADJ;Panjabi;Penjabi;Pundschabisch;;;;;;;;;;;x;;;;;;;;;;;;;;;
PNM;Andagoya;;;;;;;;;;;;;x;;;;;;;;;;;;;;;
PNM_ADJ;Andagoyan;;;;;;;;;;;;;x;;;;;;;;;;;;;;;
POM;Pomerania;Poméranie;Pommern;;;;;;;;;;;x;;;;;;;;;;;;;;;
POM_ADJ;Pomeranian;Poméranien;Pommerisch;;;;;;;;;;;x;;;;;;;;;;;;;;;
PPU;Papua;;;;;;;;;;;;;x;;;;;;;;;;;;;;;
PPU_ADJ;Papuan;;;;;;;;;;;;;x;;;;;;;;;;;;;;;
PRV;Provence;Provence;Provence;;;;;;;;;;;x;;;;;;;;;;;;;;;
PRV_ADJ;Provencal;Provencal;Provencal;;;;;;;;;;;x;;;;;;;;;;;;;;;
PSV;Pskov;Pskov;Pskov;;;;;;;;;;;x;;;;;;;;;;;;;;;
PSV_ADJ;Pskovian;Pskovien;Pskovisch;;;;;;;;;;;x;;;;;;;;;;;;;;;
PUR;Purepecha;Purepecha;Purepechao;;;;;;;;;;;x;;;;;;;;;;;;;;;
PUR_ADJ;Purepechia;Purepecha;Purepecha;;;;;;;;;;;x;;;;;;;;;;;;;;;
QAJ;Qajar Dynasty;Qajar Dynasty;Qajar Dynasty;;;;;;;;;;;x;;;;;;;;;;;;;;;
QAJ_ADJ;Qajari;Qajari;Qajari;;;;;;;;;;;x;;;;;;;;;;;;;;;
QUI;Quito;Quito;Quito;;;;;;;;;;;x;;;;;;;;;;;;;;;
QUI_ADJ;Quito;Quito;Quito;;;;;;;;;;;x;;;;;;;;;;;;;;;
RAP;Rapa Nui;Rapa Nui;Rapa Nui;;;;;;;;;;;x;;;;;;;;;;;;;;;
RAP_ADJ;Rapa Nui;Rapa Nui;Rapa Nui;;;;;;;;;;;x;;;;;;;;;;;;;;;
RHI;Rhineland;Rhénanie;Rheinland;;;;;;;;;;;x;;;;;;;;;;;;;;;
RHI_ADJ;Rhineland;Rhénanien;Rheinländisch;;;;;;;;;;;x;;;;;;;;;;;;;;;
RUT;Ruthenia;Ruthenia;Ruthenian;;;;;;;;;;;x;;;;;;;;;;;;;;;
RUT_ADJ;Ruthenian;Ruthenian;Ruthenian;;;;;;;;;;;x;;;;;;;;;;;;;;;
RWA;Rwanda;Ruanda;Ruanda;;Ruanda;;;;;;;;;x;;;;;;;;;;;;;;;
RWA_ADJ;Rwandan;Ruandaise;Ruandische;;;;;;;;;;;x;;;;;;;;;;;;;;;
RWA_anarcho_liberal;Freedom Faction;Faction de liberté;Freiheits Fraktion;;;;;;;;;;;x;;;;;;;;;;;;;;;
RWA_communist;Communist Faction;Faction communiste;Die kommunistische Fraktion;;;;;;;;;;;x;;;;;;;;;;;;;;;
RWA_conservative;Royal Faction;Faction royale;Königsfraktion;;;;;;;;;;;x;;;;;;;;;;;;;;;
RWA_fascist;Fascist Faction;Faction fasciste;Die faschistische Fraktion;;;;;;;;;;;x;;;;;;;;;;;;;;;
RWA_liberal;Reform Faction;Faction de réforme;Verbesserung Fraktion;;;;;;;;;;;x;;;;;;;;;;;;;;;
RWA_reactionary;Traditional Faction;Faction traditionnelle;Traditionelle Fraktion;;;;;;;;;;;x;;;;;;;;;;;;;;;
RWA_socialist;Socialist Faction;Faction socialiste;Die sozialistische Fraktion;;;;;;;;;;;x;;;;;;;;;;;;;;;
SAF;Cape Republic;République du Cap;Cap Republic;;;;;;;;;;;x;;;;;;;;;;;;;;;
SAF_absolute_monarchy;Duchy of the Cape;Duché du Cap;Duchy of the Cape;;;;;;;;;;;x;;;;;;;;;;;;;;;
SAF_ADJ;Cape;Cap;Cape;;;;;;;;;;;x;;;;;;;;;;;;;;;
SAF_hms_government;Duchy of the Cape;Duché du Cap;Duchy of the Cape;;;;;;;;;;;x;;;;;;;;;;;;;;;
SAF_prussian_constitutionalism;Duchy of the Cape;Duché du Cap;Duchy of the Cape;;;;;;;;;;;x;;;;;;;;;;;;;;;
SAL;Salzburg;Salzburg;Salzburg;;;;;;;;;;;x;;;;;;;;;;;;;;;
SAL_ADJ;Salzburger;Salzburgeois;Salzburgisch;;;;;;;;;;;x;;;;;;;;;;;;;;;
SAN;Santanderia;Santanderia;Santanderia;;;;;;;;;;;x;;;;;;;;;;;;;;;
SAN_absolute_monarchy;Cartagena;Cartagena;Cartagena;;;;;;;;;;;x;;;;;;;;;;;;;;;
SAN_ADJ;Santanderian;Santanderien;Santanderisch;;;;;;;;;;;x;;;;;;;;;;;;;;;
SAN_hms_government;Cartagena;Cartagena;Cartagena;;;;;;;;;;;x;;;;;;;;;;;;;;;
SAN_prussian_constitutionalism;Cartagena;Cartagena;Cartagena;;;;;;;;;;;x;;;;;;;;;;;;;;;
SAR;Savoy;Savoie;Savoyen;;;;;;;;;;;x;;;;;;;;;;;;;;;
SAR_ADJ;Savoyard;Savoyard;Savoyisch;;;;;;;;;;;x;;;;;;;;;;;;;;;
SAR_democracy;Alba;;;;;;;;;;;;;x;;;;;;;;;;;;;;;
SAR_democracy_ADJ;Alban;;;;;;;;;;;;;x;;;;;;;;;;;;;;;
SAX;Saxony;Saxonie;Sachsen;;;;;;;;;;;x;;;;;;;;;;;;;;;
SDW;South Adamawa;;;;;;;;;;;;;x;;;;;;;;;;;;;;;
SDW_ADJ;South Adamawan;;;;;;;;;;;;;x;;;;;;;;;;;;;;;
SFJ;Sudurhafeyjar;Sudurhafeyjar;Sudurhafeyjar;;;;;;;;;;;x;;;;;;;;;;;;;;;
SFJ_ADJ;Ayitian;Ayitian;Ayitian;;;;;;;;;;;x;;;;;;;;;;;;;;;
SGF;The Danubian Confederation;;;;;;;;;;;;;x;;;;;;;;;;;;;;;
SGF_ADJ;Danubian;;;;;;;;;;;;;x;;;;;;;;;;;;;;;
SHO;Shona;Shona;Shona;;Shona;;;;;;;;;x;;;;;;;;;;;;;;;
SHO_ADJ;Shona;Shona;Shona;;;;;;;;;;;x;;;;;;;;;;;;;;;
SHO_anarcho_liberal;Radical Faction;Faction radicale;Die radikale Fraktion;;;;;;;;;;;x;;;;;;;;;;;;;;;
SHO_communist;Communist Faction;Faction communiste;Die kommunistische Fraktion;;;;;;;;;;;x;;;;;;;;;;;;;;;
SHO_conservative;Royal Faction;Faction royale;Königsfraktion;;;;;;;;;;;x;;;;;;;;;;;;;;;
SHO_fascist;Fascist Faction;Faction fasciste;Die faschistische Fraktion;;;;;;;;;;;x;;;;;;;;;;;;;;;
SHO_liberal;Reform Faction;Faction de réforme;Verbesserung Fraktion;;;;;;;;;;;x;;;;;;;;;;;;;;;
SHO_reactionary;Empire Faction;Faction d'empire;Reich Fraktion;;;;;;;;;;;x;;;;;;;;;;;;;;;
SHO_socialist;Socialist Faction;Faction socialiste;Die sozialistische Fraktion;;;;;;;;;;;x;;;;;;;;;;;;;;;
SHU;Shaanxi;Shun;Shun;;;;;;;;;;;x;;;;;;;;;;;;;;;
SHU_absolute_monarchy;Shun;Shun;Shun;;;;;;;;;;;x;;;;;;;;;;;;;;;
SHU_absolute_monarchy_ADJ;Shun;Shun;Shun;;;;;;;;;;;x;;;;;;;;;;;;;;;
SHU_ADJ;Shaanxi;Shun;Shun;;;;;;;;;;;x;;;;;;;;;;;;;;;
SHU_feudal_monarchy;Shun;Shun;Shun;;;;;;;;;;;x;;;;;;;;;;;;;;;
SHU_feudal_monarchy_ADJ;Shun;Shun;Shun;;;;;;;;;;;x;;;;;;;;;;;;;;;
SHU_hms_government;Shun;Shun;Shun;;;;;;;;;;;x;;;;;;;;;;;;;;;
SHU_hms_government_ADJ;Shun;Shun;Shun;;;;;;;;;;;x;;;;;;;;;;;;;;;
SHU_prussian_constitutionalism;Shun;Shun;Shun;;;;;;;;;;;x;;;;;;;;;;;;;;;
SHU_prussian_constitutionalism_ADJ;Shun;Shun;Shun;;;;;;;;;;;x;;;;;;;;;;;;;;;
SIA;Ayutthaya;Ayutthaya;Ayutthaya;;;;;;;;;;;x;;;;;;;;;;;;;;;
SIA_ADJ;Ayyuthayan;Ayyuthayien;Ayutthayaisch;;;;;;;;;;;x;;;;;;;;;;;;;;;
SIB;Sibir;Sibir;Sibir;;;;;;;;;;;x;;;;;;;;;;;;;;;
SIB_ADJ;Siberian;Sibérien;Siberian;;;;;;;;;;;x;;;;;;;;;;;;;;;
SIC_democracy;Parthenopea;;;;;;;;;;;;;x;;;;;;;;;;;;;;;
SIE;Transylvania;Transylvanie;Siebenbürgen;;;;;;;;;;;x;;;;;;;;;;;;;;;
SIE_ADJ;Transylvanian;Transylvanien;Siebenbürgisch;;;;;;;;;;;x;;;;;;;;;;;;;;;
SIL;Silesia;Silésie;Schlesien;;;;;;;;;;;x;;;;;;;;;;;;;;;
SIL_ADJ;Silesian;Silésien;Schlesisch;;;;;;;;;;;x;;;;;;;;;;;;;;;
SJO;Sjoland;;;;;;;;;;;;;x;;;;;;;;;;;;;;;
SJO_ADJ;Sjolandic;;;;;;;;;;;;;x;;;;;;;;;;;;;;;
SLA;Slavonia;Slavonie;Slavonia;;;;;;;;;;;x;;;;;;;;;;;;;;;
SLA_ADJ;Slavonian;Slavon;Slavonian;;;;;;;;;;;x;;;;;;;;;;;;;;;
SRD;Arborea;Sardaigne;Sardinia;;;;;;;;;;;x;;;;;;;;;;;;;;;
SRD_ADJ;Arborean;Sarde;Sardinian;;;;;;;;;;;x;;;;;;;;;;;;;;;
SRL;Sri Lanka;Sri Lanka;Sri Lanka;;;;;;;;;;;x;;;;;;;;;;;;;;;
SRL_absolute_monarchy;Selon;Selon;Selon;;;;;;;;;;;x;;;;;;;;;;;;;;;
SRL_absolute_monarchy_adj;Selonese;Selonese;Selonese;;;;;;;;;;;x;;;;;;;;;;;;;;;
SRL_ADJ;Sri Lankan;Sri Lankai;Sri Lankaisch;;;;;;;;;;;x;;;;;;;;;;;;;;;
SRL_hms_government;Selon;Selon;Selon;;;;;;;;;;;x;;;;;;;;;;;;;;;
SRL_hms_government_adj;Selonese;Selonese;Selonese;;;;;;;;;;;x;;;;;;;;;;;;;;;
SRL_prussian_constitutionalism;Selon;Selon;Selon;;;;;;;;;;;x;;;;;;;;;;;;;;;
SRL_prussian_constitutionalism_adj;Selonese;Selonese;Selonese;;;;;;;;;;;x;;;;;;;;;;;;;;;
SRR;Sierra Leone;;;;;;;;;;;;;x;;;;;;;;;;;;;;;
SRR_ADJ;Sierra Leonean;;;;;;;;;;;;;x;;;;;;;;;;;;;;;
SUA;Suazi;Suazi;Suazi;;Suazi;;;;;;;;;x;;;;;;;;;;;;;;;
SUA_ADJ;Suazi;Suazi;Suazi;;;;;;;;;;;x;;;;;;;;;;;;;;;
SUA_anarcho_liberal;Freedom Faction;Faction de liberté;Freiheits Fraktion;;;;;;;;;;;x;;;;;;;;;;;;;;;
SUA_bourgeois_dictatorship;Swaziland;;;;;;;;;;;;;x;;;;;;;;;;;;;;;
SUA_communist;Communist Faction;Faction communiste;Die kommunistische Fraktion;;;;;;;;;;;x;;;;;;;;;;;;;;;
SUA_conservative;Royal Faction;Faction royale;Königsfraktion;;;;;;;;;;;x;;;;;;;;;;;;;;;
SUA_democracy;Swaziland;;;;;;;;;;;;;x;;;;;;;;;;;;;;;
SUA_fascist;Fascist Faction;Faction fasciste;Die faschistische Fraktion;;;;;;;;;;;x;;;;;;;;;;;;;;;
SUA_fascist_dictatorship;Swatini;;;;;;;;;;;;;x;;;;;;;;;;;;;;;
SUA_fascist_dictatorship_ADJ;Siswati;;;;;;;;;;;;;x;;;;;;;;;;;;;;;
SUA_liberal;Reform Faction;Faction de réforme;Verbesserung Fraktion;;;;;;;;;;;x;;;;;;;;;;;;;;;
SUA_presidential_dictatorship;Swaziland;;;;;;;;;;;;;x;;;;;;;;;;;;;;;
SUA_proletarian_dictatorship;Swaziland;;;;;;;;;;;;;x;;;;;;;;;;;;;;;
SUA_reactionary;Traditional Faction;Faction traditionnelle;Traditionelle Fraktion;;;;;;;;;;;x;;;;;;;;;;;;;;;
SUA_socialist;Socialist Faction;Faction socialiste;Die sozialistische Fraktion;;;;;;;;;;;x;;;;;;;;;;;;;;;
SUL;Sulu;Sulu;Sulu;;;;;;;;;;;x;;;;;;;;;;;;;;;
SUL_ADJ;Sulu;Sulu;Sulu;;;;;;;;;;;x;;;;;;;;;;;;;;;
SYR;Syria;Syrie;Syrien;;;;;;;;;;;x;;;;;;;;;;;;;;;
SYR_ADJ;Syrian;Syrien;Syrisch;;;;;;;;;;;x;;;;;;;;;;;;;;;
TAI;The Taiping Empire;Taiping;Taiping;;;;;;;;;;;x;;;;;;;;;;;;;;;
TAI_ADJ;Taiping;Taiping;Taiping;;;;;;;;;;;x;;;;;;;;;;;;;;;
TAP;Tapajos;Tapajos;Tapajos;;;;;;;;;;;x;;;;;;;;;;;;;;;
TAP;Tapajos;Tapajos;Tapajos;Tapajos;;;;;;;;;;x;;;;;;;;;;;;;;;
TAP_ADJ;Tapajos;Tapajos;Tapajos;;;;;;;;;;;x;;;;;;;;;;;;;;;
TAP_ADJ;Tapajos;Tapajos;Tapajos;;Tapajos;;;;;;;;;x;;;;;;;;;;;;;;;
THU;Thuringia;;;;;;;;;;;;;x;;;;;;;;;;;;;;;
THU_ADJ;Thuringia;;;;;;;;;;;;;x;;;;;;;;;;;;;;;
TIR;Tyrol;;;;;;;;;;;;;x;;;;;;;;;;;;;;;
TIR_ADJ;Tyrolean;;;;;;;;;;;;;x;;;;;;;;;;;;;;;
TJK;Tajikistan;Tajikistan;Tajikistan;;;;;;;;;;;x;;;;;;;;;;;;;;;
TJK_ADJ;Tajik;;;;;;;;;;;;;x;;;;;;;;;;;;;;;
TKM;Turkmenistan;Turkmenistan;Turkmenistan;;;;;;;;;;;x;;;;;;;;;;;;;;;
TKM_absolute_monarchy;Salor Confederation;Salor Confederation;Salor Confederation;;;;;;;;;;;x;;;;;;;;;;;;;;;
TKM_ADJ;Turkmen;Turkmen;Turkmen;;;;;;;;;;;x;;;;;;;;;;;;;;;
TKM_feudal_monarchy;Salor Confederation;Salor Confederation;Salor Confederation;;;;;;;;;;;x;;;;;;;;;;;;;;;
TKM_hms_government;Salor Confederation;Salor Confederation;Salor Confederation;;;;;;;;;;;x;;;;;;;;;;;;;;;
TKM_prussian_constitutionalism;Salor Confederation;Salor Confederation;Salor Confederation;;;;;;;;;;;x;;;;;;;;;;;;;;;
TNG;Tungning;Tungning;Tungning;;;;;;;;;;;x;;;;;;;;;;;;;;;
TNG_ADJ;Tungning;Tungning;Tungning;;;;;;;;;;;x;;;;;;;;;;;;;;;
TON;Tondo;Tondo;Tondo;;;;;;;;;;;x;;;;;;;;;;;;;;;
TON_ADJ;Tondo;Tondo;Tondo;;;;;;;;;;;x;;;;;;;;;;;;;;;
TRN;Transkaap;Transkaap;Transkaap;;;;;;;;;;;x;;;;;;;;;;;;;;;
TRN_ADJ;Transkaap;Transkaap;Transkaap;;;;;;;;;;;x;;;;;;;;;;;;;;;
TSS;Trans-Siberia;;;;;;;;;;;;;x;;;;;;;;;;;;;;;
TSS_ADJ;Siberian;;;;;;;;;;;;;x;;;;;;;;;;;;;;;
TSW;Botswana;Botswana;Botswana;;Botswana;;;;;;;;;x;;;;;;;;;;;;;;;
TSW_ADJ;Tswana;Tswana;Tswana;;;;;;;;;;;x;;;;;;;;;;;;;;;
TSW_anarcho_liberal;Radical Faction;Faction radicale;Die radikale Fraktion;;;;;;;;;;;x;;;;;;;;;;;;;;;
TSW_communist;Communist Faction;Faction communiste;Die kommunistische Fraktion;;;;;;;;;;;x;;;;;;;;;;;;;;;
TSW_conservative;Royal Faction;Faction royale;Königsfraktion;;;;;;;;;;;x;;;;;;;;;;;;;;;
TSW_fascist;Fascist Faction;Faction fasciste;Die faschistische Fraktion;;;;;;;;;;;x;;;;;;;;;;;;;;;
TSW_liberal;Reform Faction;Faction de réforme;Verbesserung Fraktion;;;;;;;;;;;x;;;;;;;;;;;;;;;
TSW_reactionary;Empire Faction;Faction d'empire;Reich Fraktion;;;;;;;;;;;x;;;;;;;;;;;;;;;
TSW_socialist;Socialist Faction;Faction socialiste;Die sozialistische Fraktion;;;;;;;;;;;x;;;;;;;;;;;;;;;
TUI;The Tonga Federation;;;;;;;;;;;;;x;;;;;;;;;;;;;;;
TUI_absolute_monarchy;T'ui Tonga;;;;;;;;;;;;;x;;;;;;;;;;;;;;;
TUI_ADJ;Tongan;;;;;;;;;;;;;x;;;;;;;;;;;;;;;
TUI_feudal_monarchy;T'ui Tonga;;;;;;;;;;;;;x;;;;;;;;;;;;;;;
TUI_hms_government;T'ui Tonga;;;;;;;;;;;;;x;;;;;;;;;;;;;;;
TUI_prussian_constitutionalism;T'ui Tonga;;;;;;;;;;;;;x;;;;;;;;;;;;;;;
TUN;Tunisia;Tunisia;Tunisia;;;;;;;;;;;x;;;;;;;;;;;;;;;
TUN_absolute_monarchy;Hafsid Dynasty;Hafsid Dynasty;Hafsid Dynasty;;;;;;;;;;;x;;;;;;;;;;;;;;;
TUN_absolute_monarchy_ADJ;Hafsid;Hafsid;Hafsid;;;;;;;;;;;x;x;;;;;;;;;;;;;;,,,,,,,,,,,,,,,,,,,,,,,,,,,,,,,,,,,,,,,,,,,,,,,,,,,,,,,
TUN_feudal_monarchy;Hafsid Dynasty;Hafsid Dynasty;Hafsid Dynasty;;;;;;;;;;;x;x;;;;;;;;;;;;;;,,,,,,,,,,,,,,,,,,,,,,,,,,,,,,,,,,,,,,,,,,,,,,,,,,,,,,,
TUN_feudal_monarchy_ADJ;Hafsid;Hafsid;Hafsid;;;;;;;;;;;x;;;;;;;;;;;;;;;
TUR;Turkey;Turquie;Türkei;;;;;;;;;;;x;;;;;;;;;;;;;;;
TUR_absolute_monarchy;Ottoman Empire;Empire ottoman;Osmanisches Reich;;;;;;;;;;;x;;;;;;;;;;;;;;;
TUR_absolute_monarchy_ADJ;Ottoman;Ottoman;Osmanisch;;;;;;;;;;;;;;;;;;;;;;;;;;
TUR_ADJ;Turkish;Turque;Türkisch;;;;;;;;;;;;;;;;;;;;;;;;;;
TUR_hms_government;Ottoman Empire;Empire ottoman;Osmanisches Reich;;;;;;;;;;;x;;;;;;;;;;;;;;;
TUR_hms_government_ADJ;Ottoman;Ottoman;Osmanisch;;;;;;;;;;;x;;;;;;;;;;;;;;;
TUR_presidential_dictatorship;The Sublime Porte;The Sublime Porte;The Sublime Porte;;;;;;;;;;;x;;;;;;;;;;;;;;;
TUR_presidential_dictatorship_ADJ;Ottoman;Ottoman;Osmanisch;;;;;;;;;;;x;;;;;;;;;;;;;;;
TUR_prussian_constitutionalism;Ottoman Empire;Empire ottoman;Osmanisches Reich;;;;;;;;;;;x;;;;;;;;;;;;;;;
TUR_prussian_constitutionalism_ADJ;Ottoman;Ottoman;Osmanisch;;;;;;;;;;;x;;;;;;;;;;;;;;;
TUS;Etruria;;;;;;;;;;;;;x;;;;;;;;;;;;;;;
TUS_absolute_monarchy;Tuscany;;;;;;;;;;;;;x;;;;;;;;;;;;;;;
TUS_absolute_monarchy_ADJ;Tuscan;;;;;;;;;;;;;x;;;;;;;;;;;;;;;
TUS_ADJ;Etrurian;;;;;;;;;;;;;x;;;;;;;;;;;;;;;
TUS_hms_government;Tuscany;;;;;;;;;;;;;x;;;;;;;;;;;;;;;
TUS_hms_government_ADJ;Tuscan;;;;;;;;;;;;;x;;;;;;;;;;;;;;;
TUS_prussian_constitutionalism;Tuscany;;;;;;;;;;;;;x;;;;;;;;;;;;;;;
TUS_prussian_constitutionalism_ADJ;Tuscan;;;;;;;;;;;;;x;;;;;;;;;;;;;;;
UAR;United Arab Republic;;;;;;;;;;;;;x;;;;;;;;;;;;;;;
UAR_absolute_monarchy;The Caliphate;;;;;;;;;;;;;x;;;;;;;;;;;;;;;
UAR_ADJ;Arab;;;;;;;;;;;;;x;;;;;;;;;;;;;;;
UAR_hms_government;The Arab Federation;;;;;;;;;;;;;x;;;;;;;;;;;;;;;
UAR_prussian_constitutionalism;The Caliphate;;;;;;;;;;;;;x;;;;;;;;;;;;;;;
UCA;The USMA;The USMA;The USMA;;;;;;;;;;;x;;;;;;;;;;;;;;;
UCA_absolute_monarchy;Greater Salvador;Greater Salvador;Greater Salvador;;;;;;;;;;;x;;;;;;;;;;;;;;;
UCA_ADJ;Mesoamerican;Mesoamerican;Mesoamerican;;;;;;;;;;;x;;;;;;;;;;;;;;;
UCA_hms_government;Greater Salvador;Greater Salvador;Greater Salvador;;;;;;;;;;;x;;;;;;;;;;;;;;;
UCA_prussian_constitutionalism;Greater Salvador;Greater Salvador;Greater Salvador;;;;;;;;;;;x;;;;;;;;;;;;;;;
UGA;Bachwezi;Bachwezi;Bachwezi;;;;;;;;;;;x;;;;;;;;;;;;;;;
UGA;Bachwezi;Bachwezi;Bachwezi;Bachwezi;;;;;;;;;;x;;;;;;;;;;;;;;;
UGA_ADJ;Bachwezi;Bachwezi;Bachwezi;;;;;;;;;;;x;;;;;;;;;;;;;;;
UGA_ADJ;Bachwezi;Bachwezi;Bachwezi;;Bachwezi;;;;;;;;;x;;;;;;;;;;;;;;;
UGH;Uyghuristan;Uyghuristan;Uyghuristan;;;;;;;;;;;x;;;;;;;;;;;;;;;
UGH_ADJ;Uyghur;;;;;;;;;;;;;x;;;;;;;;;;;;;;;
UKR;Kiev;Kiev;Kiew;;;;;;;;;;;x;;;;;;;;;;;;;;;
UKR_ADJ;Kievan;Kievien;Kiewisch;;;;;;;;;;;x;;;;;;;;;;;;;;;
UKR_absolute_monarchy;The Hetmanate;The Hetmanate;The Hetmanate;;;;;;;;;;;x;;;;;;;;;;;;;;;
UKR_hms_government;The Hetmanate;The Hetmanate;The Hetmanate;;;;;;;;;;;x;;;;;;;;;;;;;;;
UKR_prussian_constitutionalism;The Hetmanate;The Hetmanate;The Hetmanate;;;;;;;;;;;x;;;;;;;;;;;;;;;
VAL;Valoisie;;;;;;;;;;;;;x;;;;;;;;;;;;;;;
VAL_ADJ;Valoisienne;;;;;;;;;;;;;x;;;;;;;;;;;;;;;
VEN_democracy;San Marco's Republic;;;;;;;;;;;;;x;;;;;;;;;;;;;;;
VEN_fascist_dictatorship;Serenissima;;;;;;;;;;;;;x;;;;;;;;;;;;;;;
VIJ;Vijayanagar;Vijayanagar;Vijayanagar;;;;;;;;;;;x;;;;;;;;;;;;;;;
VIJ_ADJ;Vijayanagara;Vijayanagar;Vijayanagarisch;;;;;;;;;;;x;;;;;;;;;;;;;;;
VIN;Vinland;Vinland;Vinland;;;;;;;;;;;x;;;;;;;;;;;;;;;
VIN_ADJ;Vinlandic;Vinlandais;Vinländisch;;;;;;;;;;;x;;;;;;;;;;;;;;;
WES;Westphalia;Westphalie;Westfalen;;;;;;;;;;;x;;;;;;;;;;;;;;;
WES_ADJ;Westphalian;Westphalien;Westfälisch;;;;;;;;;;;x;;;;;;;;;;;;;;;
WLS;Wales;Pays de Galles;Wales;;;;;;;;;;;x;;;;;;;;;;;;;;;
WLS_ADJ;Welsh;Gallois;Walisisch;;;;;;;;;;;x;;;;;;;;;;;;;;;
WTT;Wattara;;;;;;;;;;;;;x;;;;;;;;;;;;;;;
WTT_ADJ;Wattara;;;;;;;;;;;;;x;;;;;;;;;;;;;;;
WUX;Wu;Wu;Wu;;;;;;;;;;;x;;;;;;;;;;;;;;;
WUX_ADJ;Wu;Wu;Wu;;;;;;;;;;;x;;;;;;;;;;;;;;;
WUY;Wuyue;Wuyue;Wuyue;;;;;;;;;;;x;;;;;;;;;;;;;;;
WUY_ADJ;Wuyuan;Wuyuen;Wuyuan;;;;;;;;;;;x;;;;;;;;;;;;;;;
XBI;Tangut;Tangut;Tangut;;;;;;;;;;;x;;;;;;;;;;;;;;;
XBI_ADJ;Tangut;Tangut;Tangut;;;;;;;;;;;x;;;;;;;;;;;;;;;
XHO;Xhosa;Xhosa;Xhosa;;Kosoj;;;;;;;;;x;;;;;;;;;;;;;;;
XHO_ADJ;Xhosa;Xhosa;Xhosa;;;;;;;;;;;x;;;;;;;;;;;;;;;
XHO_anarcho_liberal;Radical Faction;Faction radicale;Die radikale Fraktion;;;;;;;;;;;x;;;;;;;;;;;;;;;
XHO_communist;Communist Faction;Faction communiste;Die kommunistische Fraktion;;;;;;;;;;;x;;;;;;;;;;;;;;;
XHO_conservative;Conservative Faction;Faction conservateur;Konservative Fraktion;;;;;;;;;;;x;;;;;;;;;;;;;;;
XHO_democracy;Xhosaland;;;;;;;;;;;;;x;;;;;;;;;;;;;;;
XHO_fascist;Fascist Faction;Faction fasciste;Die faschistische Fraktion;;;;;;;;;;;x;;;;;;;;;;;;;;;
XHO_liberal;Liberal Faction;Faction libéral;Liberale Fraktion;;;;;;;;;;;x;;;;;;;;;;;;;;;
XHO_reactionary;Traditional Faction;Faction traditionnelle;Traditionelle Fraktion;;;;;;;;;;;x;;;;;;;;;;;;;;;
XHO_socialist;Socialist Faction;Faction socialiste;Die sozialistische Fraktion;;;;;;;;;;;x;;;;;;;;;;;;;;;
YKT;Yakutia;;;;;;;;;;;;;x;;;;;;;;;;;;;;;
YKT_ADJ;Yakut;;;;;;;;;;;;;x;;;;;;;;;;;;;;;
YOL;Yolngu;Yolngu;Yolngu;;;;;;;;;;;x;;;;;;;;;;;;;;;
YOL_ADJ;Yolngui;Yolngu;Yolngu;;;;;;;;;;;x ;;;;;;;;;;;;;;;
YUC;Mayapan;;;;;;;;;;;;;x;;;;;;;;;;;;;;;
YUC_ADJ;Mayan;;;;;;;;;;;;;x;;;;;;;;;;;;;;;
ZAP;Oaxaca;Zapotec;Zapotec;;;;;;;;;;;x;;;;;;;;;;;;;;;
ZAP_ADJ;Zapoteca;Zapoteca;Zapoteca;;;;;;;;;;;x;;;;;;;;;;;;;;;
ZIM;Mutapa;Mutapa;Mutapa;;;;;;;;;;;x;;;;;;;;;;;;;;;
ZIM;Mutapa;Mutapa;Mutapa;Mutapa;;;;;;;;;;x;;;;;;;;;;;;;;;
ZIM_ADJ;Mutapan;Mutapan;Mutapan;;;;;;;;;;;x ;;;;;;;;;;;;;;;
ZIM_ADJ;Mutapan;Mutapan;Mutapan;;Mutapan;;;;;;;;;x ;;;;;;;;;;;;;;;
ZND;Zand Dynasty;Zand Dynasty;Zand Dynasty;;;;;;;;;;;x ;;;;;;;;;;;;;;;
ZND_ADJ;Zandi;Zandi;Zandi;;;;;;;;;;;x  ;;;;;;;;;;;;;;;
