UNIT_BUILD_TIME_IW;$VAL$ days.;$VAL$ jours.;$VAL$ Tage.;;;;;;;;;;;x
SUPPLY_OWNER;Owner:;Possesseur :;Besitzer:;W³aœciciel:;Infantería de testuz y cuernos;Possessore:;Tulajdonos:;Vlastník:;;;;;;x
SUPPLY_ALLIED;Allied:;Allié :;Verbündet:;Sojusze:;Cuanta más población haya, mayores serán la producción y los ingresos por impuestos.;Alleato:;Szövetségben:;Spojenecký:;;;;;;x
SUPPLY_ACCESS;Military Access:;Accès militaire :;Militärzugang:;Przemarsz wojsk:;La población crecerá automáticamente como efecto de una gran estabilidad, paz y tranquilidad. Disminuirá como efecto de un saqueo, ocupación o una escasa estabilidad.\n;Accesso militare:;Katonai hozzáférés:;Vojenský pøístup:;;;;;;x
SUPPLY_CONTROLLER;Controlled:;Contrôleur :;Kontrolliert:;Kontrolowane przez:;Peso máximo' de unidades que la provincia puede abastecer sin acusar desgaste. El desgaste real también depende de varios factores más. Una cifra en rojo indica que las unidades estarán desabastecidas (lo que aumenta el desgaste). Los números en amarillo indican provincias adyacentes a fuentes de suministros.;Controllato:;Irányító:;Ovládáno:;;;;;;x
SUPPLY_CONTROLLER_ALLIANCE;Controlled by an ally:;Contrôleur allié :;Von einem Verbündeten kontrolliert:;Kontrolowane przez sojusznika:;Base;Controllato da alleato:;Szövetséges által irányított:;Ovládáno spojencem:;;;;;;x
SUPPLY_SIEGE;Is besieging:;Assiège :;Belagert:;Oblega:;Propietario:;Sta assediando:;Ostrom alatt:;Obléhá:;;;;;;x
SUPPLY_CORE;Core:;Territoire clé :;Kernprovinz:;;;;;;;;;;;x
fascist_uh;Fascists support the extension of social reform, and the removal of political reform, but will oppose any reform as long as the ruling party is not Fascist.;Les fascistes soutiennent la poursuite des réformes sociales et le retrait des réformes politiques à condition que le parti dirigeant partage leur idéologie.;Faschisten unterstützen die Ausweitung von Sozialreformen und die Außerkraftsetzung von Politikreformen - aber nur, wenn Ihre Regierungspartei faschistisch ist.;;;;;;;;;;;x
reactionary_uh;Reactionaries always attempt to roll back both political and social reforms.;Les réactionnaires sont toujours contre les réformes.;Reaktionäre versuchen stets, Reformen rückgängig zu machen.;;;;;;;;;;;x
conservative_uh;Conservatives prefer the status-quo, but may back reforms under conditions of high militancy.;Les conservateurs préfèrent le statu quo, mais peuvent soutenir les réformes en cas d'extrême nécessité.;Konservative bevorzugen den Status Quo, können aber in extremen Situationen Reformen unterstützen.;;;;;;;;;;;x
socialist_uh;Socialists want to see the enactment of further social reforms, but may back political reforms under conditions of high militancy.;Les socialistes veulent davantage de réformes sociales.;Sozialisten sind an zusätzlichen Sozialreformen interessiert.;;;;;;;;;;;x
communist_uh;Communists want to enact social reforms, but want to see political reforms rolled back.;Les communistes veulent davantage de réformes sociales et le retrait des réformes politiques.;Kommunisten sind an zusätzlichen Sozialreformen interessiert, setzen sich aber für die Außerkraftsetzung von Politikreformen ein.;;;;;;;;;;;x
liberal_uh;Liberals want to enact further political reforms, but will also support social reform under conditions of high militancy.;Les libéraux veulent davantage de réformes politiques.;Liberale sind an zusätzlichen Politikreformen interessiert.;;;;;;;;;;;x
anarcho_liberal_uh;Anarcho-Liberals want to see social reforms rolled back, and will never support further reforms of any kind.;Les anarcho-libéraux veulent davantage de réformes politiques et le retrait des réformes sociales.;Anarcho-Liberale sind an zusätzlichen Politikreformen interessiert, setzen sich aber für die Außerkraftsetzung von Sozialreformen ein.;;;;;;;;;;;x
RP_ACCUMULATED;We have accumulated §Y$VAL$§W research points that are currently unused.;Nous disposons de §Y$VAL$§W points de recherche actuellement inutilisés.;Wir haben §Y$VAL$§W Forschungspunkte angesammelt, die derzeit nicht verwendet werden.;;;;;;;;;;;x
WEGAINCB_SETUP;When we gain a Casus Belli;Si nous obtenons un casus belli;Wenn wir einen Kriegsgrund erhalten;;;;;;;;;;;x
WEGAINCB_HEADER;$MONARCHTITLE$;$MONARCHTITLE$;$MONARCHTITLE$;$MONARCHTITLE$;$MONARCHTITLE$;$MONARCHTITLE$;$MONARCHTITLE$;$MONARCHTITLE$;;;;;;x
WEGAINCB_1;Casus Belli;Casus belli;Kriegsgrund;;;;;;;;;;;x
WEGAINCB_2;We have gained the;Nous avons obtenu un;Wir erhielten den;;;;;;;;;;;x
WEGAINCB_3;'$CASUS$' Casus Belli;"casus belli ""$CASUS$""";Kriegsgrund '$CASUS$';;;;;;;;;;;x
WEGAINCB_4;against;contre;gegen;;;;;;;;;;;x
WEGAINCB_5;$ENEMY$;$ENEMY$;$ENEMY$;;;;;;;;;;;x
WEGAINCB_6;$DESC$;$DESC$;$DESC$;$DESC$;$DESC$;$DESC$;$DESC$;$DESC$;$DESC$;$DESC$;$DESC$;$DESC$;$DESC$;x
WEGAINCB_LOG;We gained the '$CASUS$' Casus Belli against $ENEMY$.;"Nous avons obtenu un casus belli ""$CASUS$"" contre $ENEMY$.";Wir erhielten den Kriegsgrund '$CASUS$' gegen $ENEMY$.;;;;;;;;;;;x
WEGAINCB_BTN1;OK;OK;OK;OK;OK;OK;Rendben;OK;;;;;;x
WEGAINCB_BTN2;OK;OK;OK;OK;OK;OK;Rendben;OK;;;;;;x
WEGAINCB_BTN3;Goto;Aller à;Goto;IdŸ do;GOTO;Andare;Ugrás;Pøejít na;;;;;;x
WEGAINCB_MAP;*;*;*;*;*;*;*;;;;;;;x
NORMAL_WAR_FREE_NAME;$ORDER$$FIRST$ War of $COUNTRY_ADJ$ Freedom;$ORDER$$FIRST$ guerre de la liberté $COUNTRY_ADJ$;$ORDER$$FIRST$ $COUNTRY_ADJ$ Freiheitskrieg;;;;;;;;;;;x
AGRESSION_WAR_FREE_NAME;$ORDER$$FIRST$ War of Propping up $COUNTRY$;$ORDER$$FIRST$ guerre de soutien de $COUNTRY$;$ORDER$$FIRST$ Krieg zur Absicherung von $COUNTRY$;;;;;;;;;;;x
NORMAL_WAR_COLONIAL_NAME;$ORDER$$FIRST$ Colonial Conquest of $STATE$;$ORDER$$FIRST$ conquête coloniale de $STATE$;$ORDER$$FIRST$ Kolonialeroberung von $STATE$;;;;;;;;;;;x
AGRESSION_WAR_COLONIAL_NAME;$ORDER$$FIRST$ Colonial War for $STATE$;$ORDER$$FIRST$ guerre coloniale pour $STATE$;$ORDER$$FIRST$ Kolonialkrieg um $STATE$;;;;;;;;;;;x
NORMAL_WAR_TAKE_NAME;$ORDER$$FIRST$ Conquest of $STATE$;$ORDER$$FIRST$ conquête de $STATE$;$ORDER$$FIRST$ Eroberung von $STATE$;;;;;;;;;;;x
AGRESSION_WAR_TAKE_NAME;$ORDER$$FIRST$ War of $STATE$;$ORDER$$FIRST$ guerre de $STATE$;$ORDER$$FIRST$ Krieg von $STATE$;;;;;;;;;;;x
NORMAL_WAR_TAKE_CORE_NAME;$ORDER$$FIRST$ Liberation of $STATE$;$ORDER$$FIRST$ libération de $STATE$;$ORDER$$FIRST$ Befreiung von $STATE$;;;;;;;;;;;x
AGRESSION_WAR_TAKE_CORE_NAME;$ORDER$$FIRST$ Aggression for $STATE$;$ORDER$$FIRST$ aggression pour $STATE$;$ORDER$$FIRST$ Aggression um $STATE$;;;;;;;;;;;x
NORMAL_WAR_TAKE_SPHERE_NAME;$ORDER$$COUNTRY$ War;$ORDER$ guerre de $COUNTRY$;$ORDER$$COUNTRY$ Krieg;;;;;;;;;;;x
AGRESSION_WAR_TAKE_SPHERE_NAME;$ORDER$$FIRST$-$SECOND$ War over $COUNTRY$;$ORDER$ guerre $FIRST$-$SECOND$ pour $COUNTRY$;$ORDER$$FIRST$-$SECOND$ Krieg um $COUNTRY$;;;;;;;;;;;x
NORMAL_WAR_ADD_SPHERE_NAME;$ORDER$War of $SECOND$ Submission;$ORDER$ guerre de la soumission $SECOND$;$ORDER$Krieg der $SECOND$ Unterwerfung;;;;;;;;;;;x
AGRESSION_WAR_ADD_SPHERE_NAME;$ORDER$War of $SECOND$ Subjugation;$ORDER$ guerre de la subjugation $SECOND$;$ORDER$Krieg der $SECOND$ Unterjochung;;;;;;;;;;;x
NORMAL_CIVIL_WAR_NAME;$ORDER$$FIRST$ Civil War;$ORDER$ guerre civile $FIRST$;$ORDER$$FIRST$ Bürgerkrieg;;;;;;;;;;;x
AGRESSION_CIVIL_WAR_NAME;$ORDER$$FIRST$ Civil War;$ORDER$ guerre civile $FIRST$;$ORDER$$FIRST$ Bürgerkrieg;;;;;;;;;;;x
NORMAL_WAR_CONQUEST_NAME;$ORDER$Conquest of $SECOND$ War;$ORDER$ conquête de la guerre $SECOND$;$ORDER$Eroberung des $SECOND$ Krieges;;;;;;;;;;;x
AGRESSION_WAR_CONQUEST_NAME;$ORDER$War of $FIRST$ Aggression against $SECOND_COUNTRY$;$ORDER$ guerre de l'aggression $FIRST$ sur $SECOND$;$ORDER$Krieg der $FIRST$ Aggression gegen $SECOND$;;;;;;;;;;;x
ADJ_FORT_EXTRA_ATTR;And §R+$VAL$%§W from hostile adjacent forts.;Et §R+$VAL$%§W des forts adjacents ennemis.;Und §R+$VAL$%§W von feindlichen Forts in der Nähe.;;;;;;;;;;;x
IS_NOT_ACCEPTED_CULTURE_POP;does not belong to an accepted culture.\n;n'appartient pas à une culture acceptée.\n;gehört nicht zu einer akzeptierten Kultur.\n;;;;;;;;;;;x
IS_ACCEPTED_CULTURE_POP;belong to an accepted culture.\n;appartient à une culture acceptée.\n;gehört zu einer akzeptierten Kultur.\n;;;;;;;;;;;x
IS_NOT_PRIMARY_CULTURE_POP;Is not §Y$NAME$§W\n;N'est pas §Y$NAME$§W\n;Ist nicht §Y$NAME$§W\n;;;;;;;;;;;x
IS_PRIMARY_CULTURE_POP;Is §Y$NAME$§W\n;Est §Y$NAME$§W\n;Ist §Y$NAME$§W\n;;;;;;;;;;;x
NEW_CORE_EFFECT_TAG2;$TAG$ will gain §Y$NEW$§W as core.\n;$TAG$ obtiendra §Y$NEW$§W comme territoire clé.\n;$TAG$ erhält §Y$NEW$§W als Kernprovinz.\n;;;;;;;;;;;x
digin;Dig-In;Retranchement;Eingraben;;;;;;;;;;;x
terrain;Terrain;Terrain;Gelände;;;;;;;;;;;x
crossing;Crossing;Passage;Brücke;;;;;;;;;;;x
total_occupation;Occupied Home Provinces;Provinces nationales occupées;Besetzte Heimatprovinzen;;Provincias nacionales ocupadas;;;;;;;;;x
total_blockaded;Blockaded Home Ports;Ports nationaux sous blocus;Blockierte Heimathäfen;;Puertos nacionales bloqueados;;;;;;;;;x
PW_SLAVE_STATE;Slave State;État esclavagiste;Sklavenstaat;;;;;;;;;;;x
CURR_REL_TT;Our current relations.;Nos relations actuelles.;Unsere aktuellen Beziehungen.;;;;;;;;;;;x
great_power;Great Power;Grande puissance;Großmacht;;;;;;;;;;;x
civ_nation;Civilized Nation;Nation civilisée;Zivilisierte Nation;;;;;;;;;;;x
unciv_nation;Uncivilized Nation;Nation non civilisée;Unzivilisierte Nation;;;;;;;;;;;x
REB_TYPE_SIZE;§YRebel Support§W;§YSoutien rebelle§W;§YRebellenunterstützung§W;;;;;;;;;;;x
REB_TYPE_POWER;§YRebel Power§W;§YPuissance rebelle§W;§YRebellenmacht§W;;;;;;;;;;;x
PRODUCTION_MUST_PORT_ONLY;Only produced in ports.\n;Production dans les ports uniquement.\n;Wird nur in Häfen produziert.\n;;;;;;;;;;;x
POPULATION_CHANGED_BY;Population changed by;Évolution démographique :;Bevölkerung geändert um;;;;;;;;;;;x
COMBAT_LEADER_MOD;Leader;Leader;Anführer;;;;;;;;;;;x
POLITICS_CANNOT_SET_RULING_PARTY_IN_ELECTION;It is not possible to switch ruling parties in the middle of an election.;Il est impossible de changer de parti dirigeant en cours d'élection.;Während einer Wahl ist es unmöglich, die Regierungspartei zu wechseln.;;;;;;;;;;;x
IS_NOT_OVERSEAS;Is NOT overseas;N'est PAS outremer;Ist KEINE Übersee-Provinz.;;;;;;;;;;;x
IS_OVERSEAS;Is overseas;Est outremer;Ist Übersee-Provinz.;;;;;;;;;;;x
SHIP_SUB_NAME;$NUM$$ORDER$ $HOME$ $TYPE$;$NUM$$ORDER$ $HOME$ $TYPE$;$NUM$$ORDER$ $HOME$ $TYPE$;;;;;;;;;;;x
FOLLOWING_HAVE_CLAIMS;The following countries have claims here.;Les pays suivants revendiquent cet endroit.;Die folgenden Länder haben hier Ansprüche:;;;;;;;;;;;x
COUNTRY_IS_NOT_CULTURE;Primary Culture is NOT;La culture principale n'est PAS;Primärkultur ist NICHT;;;;;;;;;;;x
COUNTRY_IS_CULTURE;Primary Culture is;La culture principale est;Primärkultur ist;;;;;;;;;;;x
NO_ASSIM_NOW;No Current Assimilation;Pas d'assimilation pour le moment;Momentan keine Assimilierung;;;;;;;;;;;x
MODIFIER_LOCAL_REPAIR;Ship Repair Speed;Vitesse de réparation des navires;Schiffsreparaturgeschwindigkeit;;;;;;;;;;;x
BADBOY_DRO_1;Monthly Infamy Change:\n;Déshonneur - Évolution mensuelle :\n;Monatliche Infamie-Veränderung:\n;;;;;;;;;;;x
REGIMENT_SIZE;Current Size: §Y$SIZE$§W\n;Taille actuelle : §Y$SIZE$§W\n;Aktuelle Größe: §Y$SIZE$§W\n;;;;;;;;;;;x
CURRENT_MORALE;Organisation: §Y$SIZE$§W of $MAX$.\n;Organisation : §Y$SIZE$§W sur $MAX$.\n;Organisation: §Y$SIZE$§W von $MAX$.\n;;;;;;;;;;;x
SUPPLY_COST;Supply Costs;Frais d'approvisionnement;Versorgungskosten;;;;;;;;;;;x
ALL_CORE_PROVINCE_THAT;For all core provinces ;Pour toutes les provinces clés ;Für alle Kernprovinzen;;;;;;;;;;;x
BREAKCOUNTRY_SETUP;When a rebel faction enforces its demands in our nation;Si une faction rebelle met ses exigences à exécution dans notre nation;Wenn eine Rebellenfraktion ihre Forderungen in unserer Nation erzwingt.;;;;;;;;;;;x
BREAKCOUNTRY_HEADER;Report from $CAPITAL$;Rapport en provenance de $CAPITAL$;Bericht aus $CAPITAL$;;;;;;;;;;;x
BREAKCOUNTRY_1;$FACTION$ Win!;$FACTION$ l'emporte !;Sieg von $FACTION$!;;;;;;;;;;;x
BREAKCOUNTRY_2;$MONARCHTITLE$, the $FACTION$ have enforced their demands!;$MONARCHTITLE$, $FACTION$ a mis ses exigences à exécution !;$MONARCHTITLE$, die $FACTION$ hat ihre Forderungen erzwungen!;;;;;;;;;;;x
BREAKCOUNTRY_3;We have no choice but to accept.;Nous devons accepter.;Wir können nur noch akzeptieren.;;;;;;;;;;;x
BREAKCOUNTRY_4;$EFFECTS$;$EFFECTS$;$EFFECTS$;;;;;;;;;;;x
BREAKCOUNTRY_5;*;*;*;*;*;*;*;;;;;;;x
BREAKCOUNTRY_6;*;*;*;*;*;*;*;;;;;;;x
BREAKCOUNTRY_LOG;$FACTION$ enforce their demands!;$FACTION$ met ses exigences à exécution !;$FACTION$ erzwingt ihre Forderungen!;;;;;;;;;;;x
BREAKCOUNTRY_BTN1;Horror!;Horreur !;Oh Graus!;To straszne!;¡Qué horror!;Orrore!;Rettegés!;Hrùza!;;;;;;x
BREAKCOUNTRY_BTN2;Horror!;Horreur !;Oh Graus!;To straszne!;¡Qué horror!;Orrore!;Rettegés!;Hrùza!;;;;;;x
BREAKCOUNTRY_BTN3;Goto;Aller à;Goto;IdŸ do;Ir allí;Andare;Menj ide;Pøejít na;;;;;;x
BREAKCOUNTRY_MAP;*;*;*;*;*;*;*;;;;;;;x
BREAKCOUNTRYOTHER_SETUP;When a rebel faction enforces its demands in another nation;Si une faction rebelle met ses exigences à exécution dans une autre nation;Wenn eine Rebellenfraktion ihre Forderungen in einer anderen Nation erzwingt.;;;;;;;;;;;x
BREAKCOUNTRYOTHER_HEADER;Ambassador from;Ambassadeur de;Botschafter aus;;;;;;;;;;;x
BREAKCOUNTRYOTHER_1;$OTHER$;$OTHER$;$OTHER$;$OTHER$;$OTHER$;$OTHER$;$OTHER$;$OTHER$;;;;;;x
BREAKCOUNTRYOTHER_2;$FACTION$ have enforced their demands in;$FACTION$ a mis ses exigences à exécution en;$FACTION$ erzwang ihre Forderungen in;;;;;;;;;;;x
BREAKCOUNTRYOTHER_3;$OTHER$;$OTHER$;$OTHER$;;;;;;;;;;;x
BREAKCOUNTRYOTHER_4;$EFFECTS$;$EFFECTS$;$EFFECTS$;;;;;;;;;;;x
BREAKCOUNTRYOTHER_5;*;*;*;*;*;*;*;;;;;;;x
BREAKCOUNTRYOTHER_6;*;*;*;*;*;*;*;;;;;;;x
BREAKCOUNTRYOTHER_LOG;$FACTION$ enforce their demands in $OTHER$!;$FACTION$ met ses exigences à exécution en $OTHER$ !;$FACTION$ erzwingt ihre Forderungen in $OTHER$!!;;;;;;;;;;;x
BREAKCOUNTRYOTHER_BTN1;OK;OK;OK;OK;Aceptar;OK;Rendben;OK;;;;;;x
BREAKCOUNTRYOTHER_BTN2;OK;OK;OK;OK;Aceptar;OK;Rendben;OK;;;;;;x
BREAKCOUNTRYOTHER_BTN3;Goto;Aller à;Goto;IdŸ do;Ir allí;Andare;Ugrás;Pøejít na;;;;;;x
BREAKCOUNTRYOTHER_MAP;*;*;*;*;*;*;*;;;;;;;x
INVENTION_SETUP;When you have gained an invention.;Si vous obtenez une invention;Wenn Sie eine Erfindung erhalten haben.;;Cuando consigas hacer un invento;Quando acquisisci un'invenzione;;;;;;x;;
INVENTION_HEADER;Reports on;Rapports sur;Berichte über;;;;;;;;;;;x
INVENTION_1;Major Discovery;Découverte majeure;Große Entdeckung;;Descubrimiento importante;Grande scoperta;;;;;;x;;
INVENTION_2;Scientists in our country have discovered;Les scientifiques de notre pays ont découvert;Wissenschaftlicher unseres Landes entdeckten;;;;;;;;;;;x
INVENTION_3;$INVENTION$;$INVENTION$;$INVENTION$;;$INVENTION$;$INVENTION$;;;;;;x;;
INVENTION_4;$DESC$;$DESC$;$DESC$;;$DESC$;$DESC$;;;;;;x;;
INVENTION_5;EFFECT:;EFFET :;EFFECT:;;EFECTO:;EFFETTO:;;;;;;x;;
INVENTION_6;$EFFECT$;$EFFECT$;$EFFECT$;;$EFFECT$;$EFFECT$;;;;;;x;;
INVENTION_LOG;We have discovered how $INVENTION$ works.;Nous avons découvert comment fonctionne $INVENTION$.;Wir haben herausgefunden, wie $INVENTION$ funktioniert.;;Hemos descubierto cómo funciona el invento siguiente: $INVENTION$.;Abbiamo scoperto il funzionamento di: $INVENTION$.;;;;;;x;;
INVENTION_BTN1;OK;OK;OK;;Aceptar;OK;;;;;;x;;
INVENTION_BTN2;OK;OK;OK;;Aceptar;OK;;;;;;x;;
INVENTION_BTN3;Details;Détails;Details;;Detalles;Dettagli;;;;;;x;;
INVENTION_MAP;*;*;*;;*;*;;;;;;x;;
revanchism;Revanchism;Revanchisme;Revanchismus;;;;;;;;;;;x
plurality;Plurality;Pluralité;Pluralität;;;;;;;;;;;x
TOPBAR_LEADERSHIP_GAIN_TOOLTIP;We gain §Y$CURR$§W leadership from our officers each month.;Nos officiers nous permettent de gagner §Y$CURR$§W de commandement par mois.;Wir erhalten von unseren Offizieren monatlich §Y$CURR$§W Anführerschaft.;;;;;;;;;;;x
UW_AASIGN;Autoassign Leaders;Attribution automatique des officiers;Anführer autom. zuteilen;;;;;;;;;;;x
ATTR_SAFE_RANGE;A Fleet in range of supply ships, and near a coast will not take any attrition.;Une flotte à portée de navires ravitailleurs et à proximité d'une côte ne subit aucune usure.;Eine Flotte innerhalb der Reichweite von Versorgungsschiffen und nahe einer Küste erleidet keine Verluste.;;Una flota dentro del alcance de los barcos de suministro y cerca de una costa no sufrirá desgaste alguno.;;;;;;;;;x
TECHNOLOGYVIEW_HAVE_NOT_YEAR;It is not possible to start researching this before §Y$YEAR$§W.;Il est impossible d'entamer ces travaux de recherche avant §Y$YEAR$§W.;Die Erforschung hiervon ist nicht vor dem Jahr §Y$YEAR$§W möglich.;;;;;;;;;;;x
ENCOURAGEMENT_FOR;Encouragement for ;Encouragement pour ;Ermutigung zu;;;;;;;;;;;x
IS_NOT_PRIMARY_CULTURE;§Y$NAME$§W is NOT primary culture.\n;§Y$NAME$§W n'est PAS une culture principale.\n;§Y$NAME$§W ist NICHT Primärkultur.\n;;;;;;;;;;;x
IS_PRIMARY_CULTURE;§Y$NAME$§W is primary culture.\n;§Y$NAME$§W est une culture principale.\n;§Y$NAME$§W ist .\n;;;;;;;;;;;x
IS_NOT_ACCEPTED_CULTURE2;§Y$NAME$§W is NOT an accepted culture.\n;§Y$NAME$§W n'est PAS une culture acceptée.\n;§Y$NAME$§W ist KEINE akzeptierte Kultur.\n;;;;;;;;;;;x
IS_ACCEPTED_CULTURE2;§Y$NAME$§W is an accepted culture.\n;§Y$NAME$§W est une culture acceptée.\n;§Y$NAME$§W ist eine akzeptierte Kultur.\n;;;;;;;;;;;x
ALL_COUNTRIES_EFF;All countries;Tous les pays;Alle Länder;;;;;;;;;;;x
ALL_COUNTRIES_THAT_EFF;All countries that;Tous les pays qui;Alle Länder, die;;;;;;;;;;;x
GETTING_ONLY_NEEDS;Getting only $NEED$: §Y$VAL$%§W;Obtention d'à peine $NEED$: §Y$VAL$%§W;Erhält lediglich $NEED$: §Y$VAL$%§W;;;;;;;;;;;x
tutorial_chapter_introduction;End of Introduction.;Fin de l'introduction.;Ende der Einleitung.;;;;;;;;;;;x
tutorial_end_of_chapter;End of Tutorial Chapter;Fin du chapitre du didacticiel;Ende des Tutorialkapitels;;;;;;;;;;;x
ISSUE_MOVE_EFFECT;§Y$PERCENTAGE$%§W of pops move from §YFROM§W to §YTO§W;§Y$PERCENTAGE$%§W des POP émigrent de §YFROM§W vers §YTO§W;§Y$PERCENTAGE$%§W der Bevs ziehen von §YFROM§W nach §YTO§W um.;;;;;;;;;;;x
ADD_WARGOAL_EFFECT;When we add this war goal, we will gain:;Si nous ajoutons cet objectif de guerre, nous obtiendrons :;Wenn wir dieses Kriegsziel hinzufügen, erhalten wir:;;;;;;;;;;;x
ADD_WARGOAL_SUCCESS;If we achive this war goal, we will gain:;Si nous atteignons cet objectif de guerre, nous obtiendrons :;Wenn wir dieses Kriegsziel erreichen, erhalten wir:;;;;;;;;;;;x
ADD_WARGOAL_FAILURE;If we fail to achive this war goal, we will gain:;Si nous manquons cet objectif de guerre, nous obtiendrons :;Wenn wir dieses Kriegsziel nicht erreichen, erhalten wir:;;;;;;;;;;;x
WARDIALOG_TRUCE;Truce: ;Trêve : ;Waffenruhe:;;;;;;;;;;;x
WARDIALOG_NOCB;No casus belli: ;Pas de casus belli : ;Kein Kriegsgrund:;;;;;;;;;;;x
DIPLOMACY_INFAMY2;Infamy: $VALUE$;Déshonneur : $VALUE$;Infamie: $VALUE$;;;;;;;;;;;x
DIPLOMACY_PRESTIGE2;Prestige: $VALUE$;Prestige : $VALUE$;Prestige: $VALUE$;;;;;;;;;;;x
DIPLOMACY_MILITANCY2;Militancy: $VALUE$;Militantisme : $VALUE$;Militanz: $VALUE$;;;;;;;;;;;x
REMOVE_DIPLOMACY_WARDIALOG_ALLIES;§Y$COUNTRY$§W has the following allies:;§Y$COUNTRY$§W a les alliés suivants :;§Y$COUNTRY$§W hat folgende Verbündete:;;;;;;;;;;;x
REMOVE_DIPLOMACY_WARDIALOG_NUM_ALLIES;§Y$COUNTRY$§W has §Y$NUM$§W allies;§Y$COUNTRY$§W a §Y$NUM$§W alliés;§Y$COUNTRY$§W hat §Y$NUM$§W Verbündete.;;;;;;;;;;;x
DIPLOMACY_WAR_HASTRUCE;§RWe have a truce with §Y$COUNTRY$§R until §Y$DATE$§R. Declaring war on them cause a significant hit to our international prestige;§RNous observons une trêve avec §Y$COUNTRY$§R jusqu'à la date suivante : §Y$DATE$§R. Si nous déclarons la guerre à ce pays, notre prestige international en pâtira.;§RWir haben Waffenruhe mit §Y$COUNTRY$§R bis §Y$DATE$§R. Würden wir ihnen den Krieg erklären, wäre dies ein schwerer Schlag für unser internationales Prestige.;;;;;;;;;;;x
REMOVE_DIPLOMACY_DAILYINFLULENCE_GAIN;We gain §Y$NUM$§W influence in §Y$COUNTRY$§W each day;Nous gagnons quotidiennement §Y$NUM$§W points d'influence en §Y$COUNTRY$§W.;Wir erhalten in §Y$COUNTRY$§W täglich §Y$NUM$§W Einfluss.;;;;;;;;;;;x
tutorial_chapter_budget_victoria;End of the Intermediary Budget Tutorial;Fin du didacticiel intermédiaire sur le budget;Ende des Haushalts-Mitteltutorials.;;;;;;;;;;;x
NO_RELEASEABLE_NATIONS;We have no nations that we can grant sovereignty;Nous n'avons aucune nation à laquelle accorder la souveraineté.;Wir haben keine Nationen, denen wir Souveränität gewähren könnten.;;;;;;;;;;;x
DIPLOMACY_CALL_ALLIES_NOT_LEADER;We are not a leader of this war and cannot call our allies into it;N'étant pas leader de cette guerre, nous ne pouvons pas faire appel à nos alliés.;Wir sind nicht Anführer dieses Kriegs und können daher unsere Verbündeten nicht zur Intervention auffordern.;;;;;;;;;;;x
LEDGER_NEXT;Next;Suivant;Weiter;;;;;;;;;;;x
LEDGER_PREV;Previous;Précédent;Zurück;;;;;;;;;;;x
MEC_544;Schleswig-Holstein;Slesvig-Holstein;Schleswig-Holstein;;;;;;;;;;;x
COUNTRYALERT_CanIncreaseOpinion;We can §YIncrease Opinion§W of our nation or add nations to our §YSphere of Influence§W:;Nous pouvons §Yaméliorer l'opinion§W de notre nation ou ajouter des nations à notre §Ysphère d'influence§W :;Wir können eine §YMeinungssteigerung§W über unsere Nation erwirken oder Nationen unserer §YEinflusssphäre§W hinzufügen:;;;;;;;;;;;x
COUNTRYALERT_NO_CanIncreaseOpinion;We cannot increase the opinion of our nation or add nations to our §YSphere of Influence§W;Nous ne pouvons pas améliorer l'opinion de notre nation ou ajouter des nations à notre §Ysphère d'influence§W.;Wir können die Meinung über unsere Nation nicht steigern oder Nationen unserer §YEinflusssphäre§W hinzufügen:;;;;;;;;;;;x
COLONY_SUCCESS_LOG;We successfully colonized $TARGET$.;Nous avons réussi à coloniser $TARGET$.;Wir haben $TARGET$ erfolgreich kolonisiert.;;;;;;;;;;;x
COLONY_FAIL_LOG;$OTHER$ managed to to colonize $TARGET$ before us.;$OTHER$ a réussi à coloniser $TARGET$ avant nous.;$OTHER$ hat es geschafft, $TARGET$ vor uns zu kolonisieren.;;;;;;;;;;;x
american_cultures;American Cultures;Cultures américaines;Amerikanische Kulturen;;;;;;;;;;;x
CANT_USE_LAST_WAR_GOALS;Selecting this war goal would end the war and can only be done in a peace deal with the war leader;La sélection de cet objectif de guerre mettra fin à la guerre, mais nécessite un accord de paix avec le leader.;Die Auswahl dieses Kriegsziels würde den Krieg beenden. Dies ist nur in einem Friedensvertrag mit dem Kriegsführer möglich.;;;;;;;;;;;x
tut_6a_13;To improve Belgium's industrial production we need more industrial workers, click the craftsmen icon to set this focus.;Pour améliorer la production industrielle de la Belgique, il vous faut davantage d'ouvriers. Cliquez sur l'icône des travailleurs pour définir cette cause.;Zur Verbesserung von Belgiens Industrieproduktion benötigen wir mehr Industriearbeiter. Klicken Sie auf das Facharbeitersymbol, um einen Fokus darauf zu legen.;;;;;;;;;;;x
CANCELALLIANCE_THEY_ACCEPT_BTN2;OK;OK;OK;OK;Aceptar;OK;Rendben;OK;;;;;;x
CANCELALLIANCE_THEY_ACCEPT_BTN3;Go to;Aller à;Go to;IdŸ do;Ir allí;Andare;Menj ide:;Pøejít na;;;;;;x
tut_1b_19;For now we are manually going to assign our General, go ahead and select your division in Spa.;Pour le moment, vous allez affecter votre général manuellement. Allez-y, sélectionnez la division présente à Spa.;Für Erste werden wir unseren General manuell zuteilen. Wählen Sie dazu Ihre Division in Spa aus.;;;;;;;;;;;x
TOPBAR_DEC_SPEED;Decrease Speed;Ralentir;Geschwindigkeit reduzieren;;;;;;;;;;;x
fort;Fort;Fort;Fort;;;;;;;;;;;x
fort_short;Fort;fort;Fort;;;;;;;;;;;x
IS_GREAT_NATION;Is Great Power;Est une grande puissance;Ist Großmacht;;;;;;;;;;;x
NO_DEMOTION;There will be no demotions this month.;Il n'y aura aucune rétrogradation ce mois-ci.;Diesen Monat gibt es keine Degradierungen.;;;;;;;;;;;x
NO_PROMOTION;There will be no promotions this month.;Il n'y aura aucune promotion ce mois-ci.;Diesen Monat gibt es keine Beförderungen.;;;;;;;;;;;x
INCREASEOPINION_THEY_ACCEPT_MAP;Opinion increased;Opinion en hausse;Meinung erhöht;;;;;;;;;;;x
INCREASEOPINION_WE_ACCEPT_MAP;Opinion increased;Opinion en hausse;Meinung erhöht;;;;;;;;;;;x
DECREASEOPINION_THEY_ACCEPT_MAP;Opinion decreased;Opinion en baisse;Meinung verringert;;;;;;;;;;;x
DECREASEOPINION_WE_ACCEPT_MAP;Opinion decreased;Opinion en baisse;Meinung verringert;;;;;;;;;;;x
ADDTOSPHERE_THEY_ACCEPT_MAP;Added to Sphere;Ajouté à la sphère;Zu Einflusssphäre hinzugefügt;;;;;;;;;;;x
ADDTOSPHERE_WE_ACCEPT_MAP;Added to Sphere;Ajouté à la sphère;Zu Einflusssphäre hinzugefügt;;;;;;;;;;;x
REMOVEFROMSPHERE_THEY_ACCEPT_MAP;Removed from sphere;Retiré de la sphère;Aus Einflusssphäre entfernt;;;;;;;;;;;x
REMOVEFROMSPHERE_WE_ACCEPT_MAP;Removed from sphere;Retiré de la sphère;Aus Einflusssphäre entfernt;;;;;;;;;;;x
INCREASERELATION_THEY_ACCEPT_MAP;Relation increased;Relation améliorée;Beziehung verbessert;;;;;;;;;;;x
INCREASERELATION_WE_ACCEPT_MAP;Relation increased;Relation améliorée;Beziehung verbessert;;;;;;;;;;;x
DECREASERELATION_THEY_ACCEPT_MAP;Relation decreased;Relation détériorée;Beziehung verschlechtert;;;;;;;;;;;x
DECREASERELATION_WE_ACCEPT_MAP;Relation decreased;Relation détériorée;Beziehung verschlechtert;;;;;;;;;;;x
WETARGET_DISCREDIT_MAP;Discredited!;Discrédité !;In Verruf gebracht!;;;;;;;;;;;x
WETARGET_EXPELADVISORS_MAP;Advisors expelled!;Conseillers expulsés !;Berater ausgewiesen!;;;;;;;;;;;x
WETARGET_BANEMBASSY_MAP;Embassy banned!;Ambassade interdite !;Botschaft verbannt!;;;;;;;;;;;x
WETARGET_DECREASEOPINION_MAP;Opinion decreased!;Opinion en baisse !;Meinung verringert!;;;;;;;;;;;x
WETARGET_REMOVEFROMSPHERE_MAP;Removed from sphere!;Retiré de la sphère !;Aus Einflusssphäre entfernt!;;;;;;;;;;;x
womens_suffrage_movement;Womens Sufferage Movement;Mouvement des suffragettes;Frauenrechtsorganisation;;;;;;;;;;;x
WAR_GOOD_RELATION;Good relations(§Y$REL$§W) and average consciousness(§Y$CON$§W): ;Bonnes relations (§Y$REL$§W) et conscience nationale moyenne (§Y$CON$§W) : ;Gute Beziehungen (§Y$REL$§W) und durchschnittliches Bewusstsein (§Y$CON$§W):;;;;;;;;;;;x
make_slave;Create Slave State;Créer un État esclavagiste;Sklavenstaat erstellen;;;;;;;;;;;x
make_free;Create Free State;Créer un État libre;Freistaat erstellen;;;;;;;;;;;x
POP_OTHER_CULT;Other;Autres;Andere;;;;;;;;;;;x
BLOCKADED_PEACE;Blockaded;Sous blocus;Blockiert;;;;;;;;;;;x
PRODUCTION_DESTROY_FACTORY_BECAUSE_TOOLTIP;We are allowed to destroy this factory because:\n;Nous sommes autorisés à détruire cette usine car :\n;Wir können diese Fabrik aus folgenden Gründen zerstören:\n;;;;;;;;;;;x
PRODUCTION_NOT_DESTROY_FACTORY_BECAUSE_TOOLTIP;We are allowed to destroy this factory because:\n;Nous sommes autorisés à détruire cette usine car :\n;Wir können diese Fabrik aus folgenden Gründen zerstören:\n;;;;;;;;;;;x
RULE_DESTROY_FACTORY;Destroy Factories;Détruire les usines;Fabriken zerstören;;;;;;;;;;;x
INCREASE_RELATION_MAX;We cannot get better relations with ;Nous ne pouvons pas entretenir de meilleures relations avec ;Keine besseren Beziehungen möglich zu;;;;;;;;;;;x
DECREASE_RELATION_MAX;We cannot get worse relations with ;Nous ne pouvons pas entretenir de pires relations avec ;Keine schlechteren Beziehungen möglich zu;;;;;;;;;;;x
BANKRUPTCY_SETUP;When we have a bankruptcy;Si nous faisons faillite;Wenn wir in Konkurs gehen;;;;;;;;;;;x
BANKRUPTCY_HEADER;$MESSENGER$;$MESSENGER$;$MESSENGER$;;;;;;;;;;;x
BANKRUPTCY_1;Bankruptcy!;Faillite !;Konkurs!;;;;;;;;;;;x
BANKRUPTCY_2;We have been forced to declare bankrupcy.;Nous avons été réduits à la faillite.;Wir wurden gezwungen, Konkurs anzumelden.;;;;;;;;;;;x
BANKRUPTCY_3;All our loans have been cleared,;Tous nos emprunts ont été soldés,;Sämtliche unserer Darlehen wurden gelöscht,;;;;;;;;;;;x
BANKRUPTCY_4;but this has caused great concern among our population;mais notre population est inquiète;aber dies hat unter unserer Bevölkerung große Besorgnis hervorgerufen;;;;;;;;;;;x
BANKRUPTCY_5;and we have lost much prestige in the eyes of the world.;et nous avons perdu une bonne partie de notre prestige aux yeux du reste du monde.;und wir haben in den Augen der Welt viel Prestige eingebüßt.;;;;;;;;;;;x
BANKRUPTCY_6;In the future banks will be more hesitant to loan us money.;À l'avenir, les banques hésiteront à nous prêter de l'argent.;In Zukunft werden uns Banken zögerlicher Geld leihen.;;;;;;;;;;;x
BANKRUPTCY_LOG;We went bankrupt.;Nous avons fait faillite.;Wir sind Konkurs gegangen.;;;;;;;;;;;x
BANKRUPTCY_BTN1;This is not good;Ce n'est pas une bonne nouvelle.;Das ist nicht gut.;;;;;;;;;;;x
THEY_BANKRUPTCY_SETUP;another country has a bankruptcy;un autre pays a fait faillite;ein anderes Land hat Konkurs angemeldet.;;;;;;;;;;;x
THEY_BANKRUPTCY_HEADER;$MESSENGER$;$MESSENGER$;$MESSENGER$;;;;;;;;;;;x
THEY_BANKRUPTCY_1;Bankruptcy!;Faillite !;Konkurs!;;;;;;;;;;;x
THEY_BANKRUPTCY_2;$COUNTRY$;$COUNTRY$;$COUNTRY$;;;;;;;;;;;x
THEY_BANKRUPTCY_3;have been forced to declare bankrupcy.;a été réduit à la faillite.;ist gezwungen worden, Konkurs anzumelden.;;;;;;;;;;;x
THEY_BANKRUPTCY_4;*;*;*;;;;;;;;;;;x
THEY_BANKRUPTCY_5;*;*;*;;;;;;;;;;;x
THEY_BANKRUPTCY_6;*;*;*;;;;;;;;;;;x
THEY_BANKRUPTCY_LOG;$COUNTRY$ went bankrupt.;$COUNTRY$ a fait faillite.;$COUNTRY$ ist Konkurs gegangen.;;;;;;;;;;;x
THEY_BANKRUPTCY_BTN1;Ok;OK;Ok;;;;;;;;;;;x
LIT_CHANGE;Monthly Change;Évolution mensuelle;Monatliche Veränderung;;;;;;;;;;;x
precious_metal_desc;Precious Metals are not sold as normal goods but directly converted to money.;Contrairement aux autres marchandises, les métaux précieux ne se vendent pas. Ils sont directement convertis en monnaie.;Edelmetalle werden nicht als normale Güter verkauft, sondern direkt in Geld umgewandelt.;;;;;;;;;;;x
DIPLOMACY_CANNOT_SET_PRIO_BANNED;We cannot influence this nation since our embassy is banned;Nous ne pouvons pas influencer cette nation, car notre ambassade y est interdite.;Wir können diese Nation nicht beeinflussen, weil unsere Botschaft verbannt wurde.;;;;;;;;;;;x
PROV1723;Balboa;Balboa;Balboa;;;;;;;;;;;x
PROV353;Ösel;Ösel;Ösel;;;;;;;;;;;x
MILITARY_MOBILIZE;Mobilize our Armed Forces;Mobiliser nos forces armées;Mobilisierung unserer Streitkräfte;;;;;;;;;;;x
MILITARY_MOBILIZE_DESC;Apart from our standing army, our country can also, in the event of war, draw upon additional resources in the form of conscript levies. By ordering mobilization, our conscript armies will begin amassing at major population centers, and begin preparations for full out war. While mobilization may be essential to overcoming a sizable enemy invasion, we must always be wary of its impact on the national economy.;Outre son armée de métier, en cas de guerre, notre pays peut aussi avoir recours à la conscription. Lorsqu'un ordre de mobilisation est émis, nos armées de conscrits se rassemblent dans les principaux centres démographiques et se préparent à engager une guerre totale. Si la mobilisation est essentielle pour repousser une invasion ennemie d'envergure, mieux vaut se méfier de son impact sur l'économie nationale.;Zusätzlich zu unserem stehenden Heer kann unser Land in Kriegszeiten durch den Einzug Wehrpflichtiger zusätzliche Truppen ausheben. Nach Erhalt des Mobilisierungsbefehls versammeln sich unsere Wehrpflichtigenarmeen in großen Ballungsräumen und beginnen mit ihren Vorbereitungen für den Kriegseinsatz. Während die Mobilisierung beispielsweise zur Abwehr einer größeren Invasion notwendig sein könnte, müssen wir vor ihren Auswirkungen auf die nationale Wirtschaft auf der Hut sein.;;;;;;;;;;;x
MILITARY_DEMOBILIZE;Demobilize our Armed Forces;Démobiliser nos forces armées;Demobilisierung unserer Streitkräfte;;;;;;;;;;;x
MILITARY_DEMOBILIZE_DESC;By giving the order to stand down, our conscript armies will leave the field of battle and return to their homes. While any country ravaged by the tribulations of war certainly longs for a return to normalcy, we would do well to first ensure that the war is won, before sheathing our sword.;Lorsqu'un ordre de démobilisation est émis, nos conscrits quittent le champ de bataille pour rentrer chez eux. Comme tout pays ravagé par la guerre, nous sommes impatients de retrouver une vie normale, mais pour cela, nous devons d'abord gagner la guerre.;Nach Erhalt des Demobilisierungsbefehls verlassen unsere Wehrpflichtigenarmeen die Schlachtfelder und kehren nach Hause zurück. Obwohl sich jedes von den Sorgen des Krieges verheerte Land nach der Rückkehr zur Normalität sehnt, sollten wir sicher sein, dass der Krieg auch gewonnen ist, bevor wir das Schwert in die Scheide stecken.;;;;;;;;;;;x
BE_TECH;Technologies:;Technologies :;Technologien:;;;;;;;;;;;x
BE_INVENT;Inventions:;Inventions :;Erfindungen:;;;;;;;;;;;x
TOPBAR_DIPLOPOINTS_GAIN;We gain §Y$VALUE$§W diplomatic points each month;Nous gagnons §Y$VALUE$§W points diplomatiques par mois.;Wir erhalten monatlich §Y$VALUE$§W Diplomatiepunkte.;;;;;;;;;;;x
TOPBAR_DIPLOPOINTS_BASEGAIN;Base gain: §Y$VALUE$§W diplomatic points;Gain de base : §Y$VALUE$§W points diplomatiques;Basis-Zugewinn: §Y$VALUE$§W Diplomatiepunkte.;;;;;;;;;;;x
MOBILISE;Mobilize;Mobiliser;Mobilisieren;;;;;;;;;;;x
DEMOBILISE;Demobilize;Démobiliser;Demobilisieren;;;;;;;;;;;x
THE_WORLD_IN;The World in $YEAR$;Le monde en $YEAR$;Die Welt des Jahres $YEAR$;;;;;;;;;;;x
TECHNOLOGY_ACTIVATION_YEAR;Activation year:;Année d'activation :;Aktivierungsjahr:;;;;;;;;;;;x
TECHNOLOGY_RESEARCH_POINTS;Research points:;Points de recherche :;Forschungspunkte:;;;;;;;;;;;x
tut_8c_12;In Victoria 2 you must set a War Goal for any war you start. You can only select the War goals you can see on the right side of the War Declaration Pop-up. Be aware that these War goals are the only thing you can demand in peace. \n Click the Show Wars view to check out wargoals.;Dans Victoria 2, toute guerre déclarée nécessite un objectif. Tous les objectifs de guerre disponibles se trouvent à droite de la fenêtre de déclaration de guerre. Attention, ces objectifs sont les seules choses que vous pouvez réclamer en temps de paix. \n Cliquez sur la vue Afficher les guerres pour consulter les objectifs de guerre.;In Victoria 2 müssen Sie für jeden Krieg, den Sie starten, ein Kriegsziel festlegen. Sie können nur die Kriegsziele auswählen, die Sie rechts im Popup-Fenster Kriegserklärungen sehen. Beachten Sie, dass diese Kriegsziele beschränken, was Sie bei Friedensverhandlungen fordern können. \n Prüfen Sie Ihre Kriegsziele, indem Sie auf Kriege zeigen klicken.;;;;;;;;;;;x
tut_6b_14;Now click next to contiune.;Cliquez sur Suivant pour continuer.;Klicken Sie zum Fortfahren auf Weiter.;;;;;;;;;;;x
tut_8a_7;To try to ally with The United Kingdom we need to take a diplomatic action. Diplomatic actions can be anything from requesting an alliance to declaring war. To perform a diplomatic action we need to have diplomatic points, which are accumulated monthly. Looking in the top bar under diplomacy we can see that we have a few points, more than the 1 point that the Form Alliance action costs. Go ahead and press the Form Alliance action and then press the 'Accept' button to suggest an alliance with the UK.;Pour tenter de vous allier avec le Royaume-Uni, vous devez mener une action diplomatique. Les actions diplomatiques vont de la demande d'alliance à la déclaration de guerre. Pour mener une action diplomatique, il vous faut des points diplomatiques. Ces points s'accumulent tous les mois. Sur la barre supérieure, sous Diplomatie, vous pouvez constater que vous avez suffisamment de points pour couvrir le coût de l'action Former une alliance (1 point). Cliquez sur l'action Former une alliance, puis sur le bouton Accepter pour proposer une alliance au Royaume-Uni.;Zur Unterbreitung eines Bündnisangebots an Großbritannien müssen wir eine diplomatische Aktion unternehmen. Diplomatische Aktionen können alles von Bündnisangeboten bis hin zu Kriegserklärungen sein. Zum Ausführen einer diplomatischen Aktion müssen wir diplomatische Punkte haben, die wir auf monatlicher Basis erlangen. Wenn Sie in der Kopfleiste unter Diplomatie nachsehen, stellen Sie fest, dass wir 1 Punkt haben, und genau so viel kostet die Aktion Bündnis bilden auch. Klicken Sie nun auf die Schaltfläche Bündnis bilden und bestätigen Sie Ihr Bündnisangebot an Großbritannien dann durch Klicken auf die Schaltfläche Akzeptieren.;;;;;;;;;;;x
TEMP_NEXT;Next;Suivant;Weiter;;;;;;;;;;;x
BUDGET_EXPORTS;National Stockpile Sales: §Y$VAL$§W;Ventes des réserves nationales : §Y$VAL$§W;Verkäufe aus Nationalvorrat: §Y$VAL$§W;;;;;;;;;;;x
BUDGET_IMPORTS;National Stockpile Purchases: §Y$VAL$§W;Achats des réserves nationales : §Y$VAL$§W;Käufe für Nationalvorrat: §Y$VAL$§W;;;;;;;;;;;x
bad_debter;Bad debter;Mauvais payeur;Schlechter Schuldner;;;;;;;;;;;x
bad_debter_desc;Due to your countrys history of flaky economy banks will demand a higher interest on your loans;Compte tenu des antécédents économiques de votre pays, les banques vous proposeront des emprunts aux taux d'intérêt élevés.;Aufgrund der traditionell unzuverlässigen Wirtschaft Ihres Landes werden Banken für ihre Darlehen künftig mehr Zinsen verlangen.;;;;;;;;;;;x
MUST_NEGOTIATE_WITH_WAR_LEADER;We must negotiate with the enemy §W War leader§Y if we are not leading our war;À défaut de dominer la guerre que nous menons, nous devons négocier avec le §chef de guerre§Y ennemi.;Wenn wir unseren Krieg nicht anführen, müssen wir mit dem feindlichen §Kriegsführer§Y verhandeln.;;;;;;;;;;;x
BAD_ADJ;Baden;Bade;Baden;;;;;;;;;;;x
WAR_LEADER;§YWar leader§W;§YChef de guerre§W;§YKriegsführer§W;;;;;;;;;;;x
MUST_NEGOTIATE_WITH_WAR_LEADER_NO_LEFTOVER_WARGOALS;We must negotiate with the enemy §YWar leader§W since making peace with §Y$COUNTRY$§W would end the war;Nous devons négocier avec le §Ychef de guerre§W ennemi, car un accord de paix avec §Y$COUNTRY$§W mettrait fin à la guerre.;Wir müssen mit dem feindlichen §YKriegsführer§W verhandeln, da ein Friedensschluss mit §Y$COUNTRY$§W den Krieg beenden würde.;;;;;;;;;;;x<
WARGOAL_DEMAND;§Y$COUNTRY$§W demands this from §Y$ENEMY$§W;§Y$COUNTRY$§W exige ceci de §Y$ENEMY$§W;§Y$COUNTRY$§W verlangt dies von §Y$ENEMY$§W:;;;;;;;;;;;x
POP_DETAILS_PROMOTIONS;Promotions:;Promotions :;Beförderungen:;;;;;;;;;;;x
POP_DETAILS_DEMOTIONS;Demotions:;Rétrogradations :;Degradierungen:;;;;;;;;;;;x
NO_WAR_SPHERE_LEADER;Cannot go to war against sphere leader.;Impossible de faire la guerre au leader de la sphère.;Kriege gegen Einflusssphären-Anführer nicht möglich.;;;;;;;;;;;x
EVTNAME15310;The Flying University;L'Université volante;Die Fliegende Universität;;;;;;;;;;;x
GO_TO_DIPLOMACY;Go to Diplomacy;Aller à Diplomatie;Gehen Sie zu Diplomatie;;;;;;;;;;;x
PROVINCE_CONTROL_DAYS_LATER_THAN;Province control not changed in the last §Y$DAYS$§W days.\n;Le contrôle de la province est resté inchangé depuis §Y$DAYS$§W jours.\n;Provinzkontrolle während der letzten §Y$DAYS$§W Tage unverändert.\n;;;;;;;;;;;x
PROVINCE_CONTROL_DAYS;Province control changed in the last §Y$DAYS$§W days.\n;Le contrôle de la province a changé au cours des §Y$DAYS$§W derniers jours.\n;Provinzkontrolle hat sich während der letzten §Y$DAYS$§W Tage geändert.\n;;;;;;;;;;;x
ENFORCE_DEMANDS_TRIGGER;These rebels will win if the following is true:;Si ce qui suit est vrai, ces rebelles l'emporteront :;Diese Rebellen werden gewinnen, wenn Folgendes zutrifft:;;;;;;;;;;;x
tut_1a_40;After you see the movement arrow, unpause the game to get going.;Après l'apparition de la flèche de déplacement, quittez le mode Pause pour reprendre le jeu.;Wie Sie am Bewegungspfeil sehen können, läuft das Spiel nach Beendigung der Pause weiter.;;;;;;;;;;;x
EVTNAME15060;First Farmer's Bank;Première banque agricole;Erste Bauernbank;;;;;;;;;;;x
POLITICS_REFORMS;Reforms;Réformes;Reformen;;;;;;;;;;;x
POLITICS_RELEASE_NATIONS;Release Nations;Nations libérées;Nationen entlassen;;;;;;;;;;;x
MILITARY_LEADER_NAME_TOOLTIP;§Y$NAME$§W is in command of §Y$ARMY$§W in §Y$LOCATION$§W;§Y$NAME$§W est aux commandes de §Y$ARMY$§W en §Y$LOCATION$§W.;§Y$NAME$§W befehligt §Y$ARMY$§W in §Y$LOCATION$§W;;;;;;;;;;;x
EVTNAME19310;The Mandate of Heaven;Le Mandat céleste;Das Mandat des Himmels;;;;;;;;;;;x
EVTDESC19310;The 'Mandate of Heaven' is a concept in Chinese philosophy, similar to the western concept of the divine right of Kings, which has historically been used to both justify and motivate monarchical power. With our recent ascension to Great Power status our subjects have again become convinced that our government enjoys the The Mandate of Heaven.;"Le ""Mandat céleste"" est un concept philosophique chinois, semblable au concept occidental du droit divin des rois, utilisé au cours de l'histoire pour justifier et motiver le pouvoir monarchique. Grâce à notre récent accès au statut de grande puissance, nos sujets sont de nouveau convaincus du bien-fondé du Mandat céleste pour notre gouvernement.";Das 'Mandat des Himmels' ist ein Konzept der chinesischen Philosophie, das dem westlichen Konzept des Gottesgnadentums entspricht, und in der Geschichte zur Rechtfertigung und Veranlassung monarchischer Macht benutzt wurde. Nach unserem kürzlichen Aufstieg zur Großmacht sind unsere Untertanen wieder davon überzeugt, dass wir das Mandat des Himmels haben.;;;;;;;;;;;x
EVTOPTA19310;Excellent!;Excellent !;Hervorragend!;;;;;;;;;;;x
EVTNAME19320;The Empire of the Sun;L'Empire du Soleil;Das Reich der Sonne;;;;;;;;;;;x
EVTDESC19320;Japan, land of the rising sun. For many years, since the black ships of the gaijin first appeared on our shores, our nation has been sailing in the wake of powers greater than and beyond our own. With our recent ascension to Great Power status the tides of fortune have turned. From now on let the winds repulse and break any foreign wave that dares wash over the sacred shores of the Great Power of Japan!;Le Japon, le pays du Soleil levant. Depuis l'apparition des premiers navires gaijin sur nos côtes il y a des années, notre nation vit dans l'ombre de puissances supérieures à la nôtre. Mais grâce à notre récent accès au statut de grande puissance, les vents ont tourné. Dorénavant, ils repousseront toute vague étrangère qui osera balayer les côtes sacrées de la grande puissance qu'est le Japon !;Japan, das Land der aufgehenden Sonne. Seit vielen Jahren, seit die schwarzen Schiffe der Ausländer erstmals vor unseren Küsten erschienen, segelt unsere Nation im Kielwasser von Mächten, die uns überlegen sind. Durch unseren kürzlichen Aufstieg zur Großmacht hat sich nun das Schicksal gewendet. Von jetzt an werden die Winde alle ausländischen Wellen zurückweisen und brechen, die es wagen, an die heiligen Küsten der Großmacht Japans zu schwappen!;;;;;;;;;;;x
EVTOPTA19320;Banzai!;Banzai !;Banzai!;;;;;;;;;;;x
form_union_nation_title;Form $CULTURE_GROUP_UNION$;Formation de $CULTURE_GROUP_UNION$;$CULTURE_GROUP_UNION$ gründen;;;;;;;;;;;x
form_union_nation_desc;Our dominant position among our cultural brethren puts us in a position to form $CULTURE_GROUP_UNION$.;Notre position dominante parmi nos frères culturels nous permet de former $CULTURE_GROUP_UNION$.;Unsere dominante Position unter unseren kulturellen Brüdern hat uns in die Position gebracht, $CULTURE_GROUP_UNION$ zu gründen.;;;;;;;;;;;x
BE_SECOND_RANK;Secondary Power;Puissance de second rang;Großmacht zweiten Ranges;;;;;;;;;;;x
COUNTRYALERT_HasUnemployedWorkers;The following states have unemployed factory workers:;Les États suivants ont des ouvriers au chômage :;In den folgenden Staaten gibt es arbeitslose Fabrikarbeiter:;;;;;;;;;;;x
TOPBAR_POPULATION;Our adult male population is $CURR$. Our adult male population has changes by approx. $CHANGE$ each month.;Notre population masculine adulte s'élève à $CURR$. Notre population masculine adulte a évolué d'environ $CHANGE$ par mois.;Unsere aktuelle männliche Bevölkerung ist $CURR$. Unsere männliche Bevölkerung ändert sich monatlich um ungefähr $CHANGE$.;;;;;;;;;;;x
TOPBAR_POPULATION_VISUAL;Our total population is $CURR$.;Notre population totale s'élève à $CURR$.;Unsere Gesamtbevölkerung ist $CURR$.;;;;;;;;;;;x
BUILD_COLONIAL;Non-colonial state;État non colonial;Nicht-Koloniestaat;;;;;;;;;;;x
EVTNAME60080;The Road to Serfdom;La route du servage;Der Weg in die Leibeigenschaft;;;;;;;;;;;x
EVTDESC60080;Lately an eerie feeling has crept over you that $COUNTRY$ is growing silent. Where before the free exchange of opinion and ideas could be heard, from street corners and bus stops to bars and universities, now only the sounds of silence gives echo. The conclusion that is becoming ever more evident, is that the tradition of $COUNTRY_ADJ$ democracy has been subverted. In $COUNTRY$, at least, the government for, of and by the people, has perished from the earth.;Vous avez récemment eu la désagréable impression de voir $COUNTRY$ sombrer dans le silence. Là où chacun pouvait autrefois s'exprimer librement, aussi bien dans les rues que dans les bars ou sur les bancs des universités, un silence pesant règne désormais. La conclusion est plus qu'évidente : la tradition démocratique $COUNTRY_ADJ$ a disparu. En $COUNTRY$, au moins, la gouvernance populaire a disparu.;In letzter Zeit hat Sie ein unheimliches Gefühl befallen, denn aus $COUNTRY$ hört man nichts mehr. Wo vorher freie Meinungsäußerung herrschte und an Straßenecken, Bushaltestellen, in Bars und Universitäten Ideen diskutiert wurden, herrscht nun Totenstille. Es wird immer offensichtlicher, dass die traditionelle $COUNTRY_ADJ$ Demokratie unterwandert worden ist. Zumindest in $COUNTRY$ ist die Regierung des Volkes wie vom Erdboden verschwunden.;;;;;;;;;;;x
EVTOPTA60080;Muahahaha!;Mouah ha ha ha !;Muahahaha!;;;;;;;;;;;x
EVTNAME14210_sub;All They're Saying is 'Give Peace a Chance!';Tout ce qu'ils veulent, c'est que l'on donne une chance à la paix !;Und gerade haben sie noch 'Give Peace a Chance!' gesungen ...;;;;;;;;;;;x
EVTNAME14040;Love & War;Amour et guerre;Liebe & Kriege;;;;;;;;;;;x
REL_SPHERE_OF_INFLUENCE;In Sphere;Dans la sphère;In Einflusssphäre;;;;;;;;;;;x
status_quo_short;Status Quo;Statu quo;Status Quo;;;;;;;;;;;x
TOTAL_AMOUNT_OF_SHIPS;Total amount of ships: $COUNT$;Nombre total de navires : $COUNT$;Gesamtzahl an Schiffen: $COUNT$;;;;;;;;;;;x
LESS_AMOUNT_OF_SHIPS;Less amount of ships than: $COUNT$;Nombre de navires inférieur à : $COUNT$;Weniger Schiffe als: $COUNT$;;;;;;;;;;;x
tut_3a_21b;Try to take a loan by pressing the take loan button, pulling the slider till you have an amount you like and press OK.;Pour souscrire un emprunt, cliquez sur le bouton Emprunter, déplacez le curseur jusqu'au montant de votre choix, puis cliquez sur OK.;Versuchen Sie nun, über die Schaltfläche Darlehen aufnehmen ein Darlehen aufzunehmen. Ziehen Sie den Schieberegler, bis Sie den gewünschten Betrag sehen und klicken Sie dann auf Weiter.;;;;;;;;;;;x
REVANCHISM_EXPLANATION;Revanchism, from the French word for 'revenge', is the yearning for the return of land lost to the nation. In love, war, and peace alike, our people will be willing to make greater sacrifices for the return of our sacred soil.;Le revanchisme est une attitude politique inspirée par l'esprit de revanche (après une défaite). Notre peuple est prêt à tous les sacrifices pour retrouver son sol sacré.;Revanchismus ist vom französischen Wort für Rache abgeleitet und steht für den Wunsch nach der Wiedererlangung verlorener Territorien einer Nation. Im Krieg wie im Frieden ist unsere Bevölkerung gewillt, für die Wiedererlangung unseres heiligen Territoriums größere Opfer zu bringen.;;;;;;;;;;;x
EVTNAME14120_sub;Religious policy debated in local election;Politique religieuse débattue lors d'élections locales;Debatte über Kriegspolitik bei Lokalwahl;;;;;;;;;;;x
BUDGET_DIPL_DESC;Expenses or revenues incurred though diplomacy, war subsidies or peace deals.;Dépenses ou recettes associées à la diplomatie, aux indemnités de guerre ou aux accords de paix.;Ausgaben oder Einnahmen durch Diplomatie, Kriegssubventionen oder Friedensverträge.;;;;;;;;;;;x
tut_8c_10;However, should you drop down in position it's not too late, as you will get a warning in time and can then try to fix the problem. One way to avert this disaster is, of course, war. Either a war to increase your own prestige, or to lower someone else's. Let's talk a bit about wars. Find France and declare war. Do this by clicking declare war, selecting a war goal and clicking 'Ok'.;Et si vous êtes sur le point de perdre cette position, vous recevrez un avertissement à temps pour tenter d'y remédier. Pour éviter la catastrophe, vous pouvez notamment faire la guerre afin d'améliorer votre prestige ou de réduire celui d'un autre pays. Parlons un peu des guerres. Recherchez la France et déclarez-lui la guerre. Pour ce faire, cliquez sur Déclarer la guerre, sélectionnez un objectif de guerre et cliquez sur OK.;Sollten Sie aber im Rang abrutschen, ist das noch nicht das Ende aller Tage: Sie werden rechtzeitig gewarnt, um etwas dagegen zu unternehmen. Eine Möglichkeit zur Vermeidung einer Katastrophe ist, Ihr Prestige durch den Gewinn eines Kriegs zu erhöhen oder das Prestige einer anderen Nation zu verringern. Lassen Sie uns nun etwas über den Krieg sprechen. Finden Sie Frankreich und erklären Sie ihm den Krieg. Klicken Sie dazu auf Krieg erklären, wählen Sie ein Kriegsziel aus und klicken Sie auf OK.;;;;;;;;;;;x
BE_GREAT_POWER;Great Power;Grande puissance;Großmacht;;;;;;;;;;;x
DIPLOMACY_GREATNATION_STATUS;Great Power;Grande puissance;Großmacht;;;;;;;;;;;x
WE_NO_LONGER_GREAT_POWER_2;and lost its position as a Great Power to;et a perdu sa position de grande puissance face à;und verlor seinen Rang als Großmacht an;;;;;;;;;;;x
THEY_NO_LONGER_GREAT_POWER_3;and lost its position as a Great Power to;et a perdu sa position de grande puissance face à;und verlor seinen Rang als Großmacht an;;;;;;;;;;;x
WE_BECAME_GREAT_POWER_2;and are now considered a Great Power!;et est maintenant considéré comme une grande puissance !;und wird nun als Großmacht angesehen!;;;;;;;;;;;x
SERVER_LOST_DESC;The server was lost. You can save the game or choose continue and close this window. To continue the game you must quit and rehost.;La connexion avec le serveur a été perdue. Vous pouvez sauvegarder la partie ou fermer cette fenêtre pour continuer. Pour poursuivre la partie, vous devez quitter et accueillir une nouvelle session.;Verbindung zum Server unterbrochen. Sie können das Spiel speichern oder fortfahren und dieses Fenster schließen. Zum Fortsetzen des Spiels müssen Sie beenden und neu hosten.;;;;;;;;;;;x
MODIFIER_GLOBAL_POP_MILITANCY_MODIFIER;Pop Militancy;Militantisme du POP;Bev-Militanz;;;;;;;;;;;x
MODIFIER_GLOBAL_POP_CONSCIOUSNESS_MODIFIER;Pop Consciousness;Conscience nationale du POP;Bev-Bewusstsein;;;;;;;;;;;x
global_liberal_agitation;Liberal Agitation;Agitation libérale;Liberale Agitation;;;;;;;;;;;x
desc_global_liberal_agitation;Firebrands are arguing the cause of liberalism and revolution.;Des exaltés soutiennent le libéralisme et la révolution.;Aufwiegler in diesen Provinzen fordern die liberale Revolution.;;;;;;;;;;;x
EDU_DESC;The educational budget is used to pay the clergy and to produce research points.;Le budget de l'enseignement permet de payer le clergé et de produire des points de recherche.;Aus dem Bildungshaushalt werden der Klerus und die Produktion von Forschungspunkten bezahlt.;;;;;;;;;;;x
COMBATEND_INITIAL;Initial;Initialement;Anfänglich;;;;;;;;;;;x
COMBATEND_CASUALTIES;Casualties;Victimes;Verluste;;;;;;;;;;;x
COMBATEND_SURVIVORS;Survivors;Survivants;Überlebende;;;;;;;;;;;x
cavours_diplomacy_title;Cavour's Diplomacy;La diplomatie de Cavour;Cavours Diplomatie;;;;;;;;;;;x
cavours_diplomacy_desc;Camillo Paolo Filippo Giulio Benso, Count of Cavour, Prime Minister of The Kingdom of Sardinia, was a leading figure in the movement for Italian Unification, and his personal efforts at diplomacy are often credited with securing the support of Napoleon III's France against Austria in the Second Italian War of Independence.;Camillo Paolo Filippo Giulio Benso, comte de Cavour, premier ministre du Royaume de Sardaigne, fut une figure marquante du mouvement pour une Italie unifiée. Il joua un rôle diplomatique déterminant dans le soutien de la France de Napoléon III contre l'Autriche lors de la seconde guerre d'indépendance italienne.;Camillo Paolo Filippo Giulio Benso, Graf von Cavour, Premierminister des Königreichs Sardinien, war ein führender Kopf der italienischen Vereinigungsbewegung. Hinsichtlich seiner persönlichen diplomatischen Errungenschaften wird oft erwähnt, dass er Italien im zweiten italienischen Unabhängigkeitskrieg gegen Österreich die Unterstützung von Frankreich unter Napoleon III. sicherte.;;;;;;;;;;;x
EVTNAME36898;Coronation of Queen Victoria;Le couronnement de la reine Victoria;Die Krönung von Queen Victoria;;;;;;;;;;;x
EVTDESC36898;On the 28th of June, 1838, princess Alexandrina Victoria of House Hanover ascended to the throne of The United Kingdom of Great Britain and Ireland as 'Queen Victoria'. Her reign, which would last even a few years into the 20th century, would later be remembered as the absolute zenith of the British Empire, upon which the sun never set. The last British Monarch of the House of Hanover, her ascension also marked the end of the personal union between Britain and Hanover. Today a jubilant crowd in London has escorted the young Queen Victoria to her residence in the newly built Buckingham Palace.;"Le 28 juin 1838, la princesse Alexandrine Victoire de Hanovre accéda au trône du Royaume-Uni de Grande-Bretagne et d'Irlande pour devenir la ""reine Victoria"". Son règne, qui dura jusqu'au tout début du XXe siècle, reflète la grandeur de l'Empire britannique. Dernière souveraine britannique de la maison de Hanovre, son ascension marqua aussi la fin de l'union personnelle entre la Grande-Bretagne et Hanovre. Aujourd'hui, une foule radieuse a escorté la jeune reine Victoria vers sa nouvelle résidence, le Palais de Buckingham.";Am 28. Juni 1838 bestieg Prinzessin Alexandrina Victoria des Hauses Hannover als 'Queen Victoria' den Thron des Vereinigten Königreichs von Großbritannien und Irland. An ihre Herrschaft, die sogar einige wenige Jahre ins zwanzigste Jahrhunderte reichte, erinnerte man sich später als den absoluten Zenit des britischen Weltreichs, in dem die Sonne niemals unterging. Sie war der letzte britische Monarch des Hauses Hannover und ihre Thronbesteigung markierte auch das Ende der Personalunion zwischen Britannien und Hannover. Heute hat eine jubelnde Menge die junge Queen Victoria zu ihrer Residenz im neu gebauten Buckingham Palace begleitet.;;;;;;;;;;;x
EVTOPTA36898;Victoria Regina!;Victoria Regina !;Victoria Regina!;;;;;;;;;;;x
RELEASE_VASSAL_EFFECT;Release §Y$TARGET$§W\n;Libérer §Y$TARGET$§W\n;§Y$TARGET$§W entlassen\n;;;;;;;;;;;x
EVTDESC15310;As she makes her way through the city, doding shadows as if they were $COUNTRY_ADJ$ soldiers, the illuminated clock-tower of the church seems to glare at her like a mean, infected yellow eye. She's already late, but class is still in session.\n\nAn underground university has formed in $PROVINCENAME$, providing higher education despite the ban on minority languages in academia.;À mesure qu'elle traverse la ville, fuyant les ombres comme s'il s'agissait de soldats $COUNTRY_ADJ$, la tour de l'horloge illuminée semble l'observer, telle un inquiétant œil jaune. Elle est en retard, mais le cours n'est pas terminé.\n\nUne université clandestine a été créée en $PROVINCENAME$ pour dispenser des cours d'enseignement supérieur malgré l'interdiction des langues minoritaires dans le milieu universitaire.;Während sie sich ihren Weg durch die Stadt bahnt, wobei sie Schatten ausweicht, als seien sie $COUNTRY_ADJ$ Soldaten, scheint sie die erleuchtete Turmuhr wie ein böses, gelbes Auge anzustarren. Sie ist schon zu spät, aber der Unterricht ist noch nicht vorbei.\n\nIn $PROVINCENAME$ hat sich eine Untergrund-Universität gegründet, die trotz des Bannes gegen Minderheitensprachen in akademischen Kreisen höhere Bildung vermittelt.;;;;;;;;;;;x
EVTNAME11100;The $FROMCOUNTRY_ADJ$ Parliament;Le parlement $FROMCOUNTRY_ADJ$;Das $FROMCOUNTRY_ADJ$ Parlament;;;;;;;;;;;x
EVTDESC11100;A rising tide of liberal nationalism within greater $CULTURE_GROUP_UNION$ has toppled the government in $FROMCOUNTRY$. A parliament of liberal revolutionaries has been convened, with representatives from all of $CULTURE_GROUP_UNION$, which has decreed that the time is right for the nation to unite under one banner. The parliament has offered the crown of this united $CULTURE_GROUP_UNION$ to us. We could accept the offer, but doing so would cause international alarm, and require us to compensate the revolutionaries politically.;La vague de nationalisme libéral qui a traversé $CULTURE_GROUP_UNION$ a renversé le gouvernement de $FROMCOUNTRY$. Un parlement de révolutionnaires libéraux s'est réuni, avec des représentants de l'ensemble de $CULTURE_GROUP_UNION$, et a décrété qu'il est temps pour la nation de s'unir sous la même bannière. Le parlement nous a proposé la couronne de la nation unifiée de $CULTURE_GROUP_UNION$. Nous pourrions accepter cette offre, mais la communauté internationale risque de s'en offusquer et nous devrons dédommager les révolutionnaires sur le plan politique.;Der aufwallende Liberalnationalismus in $CULTURE_GROUP_UNION$ hat die Regierung in Groß-$FROMCOUNTRY$ gestürzt. Man hat ein liberales Revolutionsparlament mit Repräsentanten aus ganz $CULTURE_GROUP_UNION$ einberufen, das zu dem Schluss gekommen ist, dass nun die Zeit reif dafür ist, dass sich die Nation unter einem Banner vereinigt. Das Parlament hat uns die Krone des vereinigten $CULTURE_GROUP_UNION$ angeboten. Wir könnten das Angebot annehmen, aber dann würden wir das Ausland alarmieren und wir müssten die Revolutionäre politisch entschädigen.;;;;;;;;;;;x
EVTOPTA11100;Hurrah!;Hourra !;Hurra!;;;;;;;;;;;x
EVTOPTB11100;I will not accept a crown from the gutter.;Pas question que j'accepte une couronne qui vient du caniveau !;Ich werde keine Krone aus der Gosse akzeptieren.;;;;;;;;;;;x
IS_IN_A_SPHERE;Is in a Sphere of Influence;Est dans une sphère d'influence;Befindet sich in einer Einflusssphäre;;;;;;;;;;;x
EVTNAME16070;Fire-Eaters;Fire-Eaters;Fire-Eaters;;;;;;;;;;;x
EVTDESC16070;'It has put at rest, forever, all the agitating questions relating to our peculiar institution.'\n\nHis words are soft-spoken, but carry an inner flame of righteous anger directed at anyone and anything he deems as threatening the institution of slavery. 'Fire-Eaters', radical pro-slavery agitators, have appeared in $PROVINCENAME$;"Elle a mis un terme définitif à toutes les questions embarrassantes liées à notre singulière institution.\n\nSa voix est douce, mais ses paroles enflammées ne parviennent pas à masquer la colère qu'il éprouve envers tous ceux qui menacent l'existence même de l'esclavage. Des ""Fire-Eaters"", agitateurs radicaux favorables à l'esclavage, ont fait leur apparition en $PROVINCENAME$.";Damit wurde den agitierenden Fragen bezüglich unserer besonderen Situation für immer ein Ende bereitet.'\n\nEr spricht mit sanften Worten, die aber eine Flamme rechtschaffener Wut gegen alles und jeden in sich tragen, was er als Gefahr für die Einführung der Sklaverei ansieht. In $PROVINCENAME$ sind 'Fire-Eaters' aufgetaucht, radikale Befürworter der Sklaverei.;;;;;;;;;;;x
EVTOPTA16070;All men were created equal...;Tous les hommes sont nés égaux...;Alle Menschen sind gleich ...;;;;;;;;;;;x
EVTOPTB16070;Never were truer words spoken!;C'est la seule vérité qui tienne !;Wahrere Worte sind uns noch nie zu Ohren gekommen!;;;;;;;;;;;x
PROVINCEVIEW_SUPPLY_LIMIT;Supply Limit:;Limite en ravitaillement :;Versorgungslimit:;;;;;;;;;;;x
PRODUCTION_COST_REOPEN;Reopening Cost: §Y$VAL$§W;Coût de réouverture : §Y$VAL$§W;Wiedereröffnungskosten: §Y$VAL$§W;;;;;;;;;;;x
EVTNAME11102;Three Hurrahs For $CULTURE_GROUP_UNION$!;Pour $CULTURE_GROUP_UNION$, hip hip hip, hourra !;Ein dreifaches Hurra auf $CULTURE_GROUP_UNION$!;;;;;;;;;;;x
EVTDESC11102;All around $COUNTRY$, jubilant crowds, waving the flag of $CULTURE_GROUP_UNION$, take to the streets in celebration, as the government in $CAPITAL$ has proclaimed the unification of all of $CULTURE_GROUP_UNION$ under the $COUNTRY_ADJ$ flag.\n\n'For far too long have we let the machination and conspiracy of foreign powers set the course of our nation's life. Today, and forever -- here, in our ancient homeland -- we form the bonds of a more perfect union. Three Hurrahs for $CULTURE_GROUP_UNION$!'\n\n;"Partout en $COUNTRY$, des foules transportées de joie agitant le drapeau de $CULTURE_GROUP_UNION$, envahissent les rues pour fêter la nouvelle : le gouvernement de $CAPITAL$ a proclamé l'unification de l'ensemble de $CULTURE_GROUP_UNION$ sous le drapeau $COUNTRY_ADJ$.\n\n""Cela faisait trop longtemps que nous laissions la machination et le complot des puissances étrangères décider du sort de notre nation. Aujourd'hui et pour toujours, ici dans notre ancienne patrie, nous tissons les liens d'une union plus parfaite. Pour $CULTURE_GROUP_UNION$, hip hip hip, hourra !""\n\n";Überall in $COUNTRY$ schwenkt die jubelnde Menge Flaggen von $CULTURE_GROUP_UNION$. Nachdem die Regierung in $CAPITAL$ die Vereinigung von ganz $CULTURE_GROUP_UNION$ unter der $COUNTRY_ADJ$ Flagge proklamiert hat, sind auf den Straßen Feierlichkeiten ausgebrochen.\n\n'Viel zu lange haben wir die Geschicke unserer Nation von den Machenschaften und den Intrigen ausländischer Mächte bestimmen lassen. Heute schmieden wir hier, in unserem angestammten Heimatland, für immer die Bande einer besseren Union. Ein dreifaches Hurra auf $CULTURE_GROUP_UNION$!;;;;;;;;;;;x
EVTOPTA11102;Hurrah!;Hourra !;Hurra!;;;;;;;;;;;x
NAVALATTACKTHEM_HEADER;Chief of Navy reports;Le chef de la marine signale que;Der Marine-Oberbefehlshaber berichtet:;;;;;;;;;;;x
NAVALATTACKUS_HEADER;Chief of Navy reports;Le chef de la marine signale que;Der Marine-Oberbefehlshaber berichtet:;;;;;;;;;;;x
SIEGEUS_SETUP;When the enemy begins to occupy our province;Si l'ennemi occupe notre province;Wenn der Feind beginnt, unsere Provinz zu besetzen.;;;;;;;;;;;x
SIEGEUS_HEADER;$MESSENGER$;$MESSENGER$;$MESSENGER$;;;;;;;;;;;x
SIEGEUS_1;Our Province is beginning to be occupied;Notre province est occupée;Der Feind beginnt, unsere Provinz zu besetzen.;;;;;;;;;;;x
SIEGEUS_2;$MONARCHTITLE$,;$MONARCHTITLE$,;$MONARCHTITLE$;;;;;;;;;;;x
SIEGEUS_3;$PROV$;$PROV$.;$PROV$;;;;;;;;;;;x
SIEGEUS_4;is beginning to be occupied. Fear not! The forces of;est occupée. Ne craignez rien ! Les forces de;wird gerade vom Feind besetzt. Fürchtet nicht! Die Truppen von;;;;;;;;;;;x
SIEGEUS_5;$ATTACKER$;$ATTACKER$;$ATTACKER$;;;;;;;;;;;x
SIEGEUS_6;will soon be driven off by the might of our armies.;seront bientôt repoussées par nos puissantes armées.;werden schon bald von der Macht unserer Armeen vertrieben werden.;;;;;;;;;;;x
SIEGEUS_LOG;$PROV$ is beginning to be occupied.;$PROV$ est occupée.;$PROV$ wird gerade vom Feind besetzt.;;;;;;;;;;;x
SIEGEUS_BTN1;OK;OK;OK;;;;;;;;;;;x
SIEGEUS_BTN2;OK;OK;OK;;;;;;;;;;;x
SIEGEUS_BTN3;Goto;Aller à;Goto;;;;;;;;;;;x
SIEGEUS_MAP;*;*;*;;;;;;;;;;;x
SIEGETHEM_SETUP;When we begin to occupy one of our enemy's provinces;Si nous occupons une province ennemie;Wenn wir beginnen, eine Provinz unseres Feindes zu besetzen.;;;;;;;;;;;x
SIEGETHEM_HEADER;$MESSENGER$;$MESSENGER$;$MESSENGER$;;;;;;;;;;;x
SIEGETHEM_1;Their province is beginning to be occupied;Leur province est occupée;Wir haben begonnen, ihre Provinz zu besetzen.;;;;;;;;;;;x
SIEGETHEM_2;$MONARCHTITLE$, we have started to occupy;$MONARCHTITLE$, nous occupons;$MONARCHTITLE$, wir begannen die Besetzung von;;;;;;;;;;;x
SIEGETHEM_3;$PROV$.;$PROV$.;$PROV$.;$PROV$.;*;$PROV$.;$PROV$ könnyûszerrel bevehetõ erõdjét.;$PROV$.;;;;;;x
SIEGETHEM_4;It won't take long before our forces have wrenched it out of the clutches of;Nos forces auront bientôt débarrassé cette province de;Es wird nicht lange dauern, bis unsere Truppen sie;;;;;;;;;;;x
SIEGETHEM_5;$DEFENDER$.;$DEFENDER$.;$DEFENDER$ entrissen haben.;;;;;;;;;;;x
SIEGETHEM_6;They will look forward to our enlightened government.;Sa population attend impatiemment d'être guidée par notre gouvernement.;Sie werden sich auf unsere aufgeklärte Regierung freuen.;;;;;;;;;;;x
SIEGETHEM_LOG;We have begun to occupy $PROV$.;Nous occupons $PROV$.;Wir haben mit der Besetzung von $PROV$ begonnen.;;;;;;;;;;;x
SIEGETHEM_BTN1;OK;OK;OK;;;;;;;;;;;x
SIEGETHEM_BTN2;OK;OK;OK;;;;;;;;;;;x
SIEGETHEM_BTN3;Goto;Aller à;Goto;;;;;;;;;;;x
SIEGETHEM_MAP;*;*;*;;;;;;;;;;;x
chief_of_army;Chief of Army;Chef de l'armée;Armee-Oberbefehlshaber;;;;;;;;;;;x
chief_of_navy;Chief of Navy;Chef de la marine;Marine-Oberbefehlshaber;;;;;;;;;;;x
chief_of_staff;Chief of Staff;Chef d'état-major;Generalstabschef;;;;;;;;;;;x
SPHERE_LEADER;Sphere Leader;Leader de sphère;Einflusssphären-Führer;;;;;;;;;;;x
CONFIRM_INTERVENTION;Intervention!;Intervention !;Intervention!;;;;;;;;;;;x
CONFIRM_INTERVENTION_DESC;Do you want to intervene in the $WAR$?;Voulez-vous intervenir dans la guerre $WAR$ ?;Möchten Sie in den $WAR$ intervenieren?;;;;;;;;;;;x
CHAT_NONE_TIP;Clear chat filter;Supprimer le contenu du filtre de chat;Chatfilter-Inhalt löschen;;;;;;;;;;;x
CHAT_ALLIES_TIP;Only chat with allies;Chat avec alliés uniquement;Nur mit Verbündeten chatten;;;;;;;;;;;x
CHAT_ENEMIES_TIP;Only chat with enemies;Chat avec ennemis uniquement;Nur mit Feinden chatten;;;;;;;;;;;x
CHAT_ALL_TIP;Chat with every one.;Chat avec tout le monde.;Mit jedem chatten;;;;;;;;;;;x
CHAT_FILTER;Click to change if the user gets messages or not;Cliquez pour changer l'option permettant à l'utilisateur de recevoir ou non des messages.;Ändern Sie per Klick, ob der Spieler Nachrichten erhält oder nicht.;;;;;;;;;;;x
UV_NO_MORALE;Cannot move due to poor organisation. Current organisation is §Y$ORG$§W out of §Y$NEED$§W needed.;Déplacement impossible en raison d'une mauvaise organisation. Organisation actuelle : §Y$ORG$§W Organisation requise : §Y$NEED$§W.;Bewegung aufgrund schwacher Organisation unmöglich. Die aktuelle Organisation ist §Y$ORG$§W, benötigt wird §Y$NEED$§W.;;No puede moverse debido a su escasa organización. La organización actual es de §Y$ORG$§W, lejos de la necesaria §Y$NEED$§W.;;;;;;;;;x
UV_NO_STRENGHT;Cannot move due to poor strenght. Current strenght is §Y$STR$§W out of §Y$NEED$§W needed.;Déplacement impossible en raison d’un manque de force. Force actuelle : §Y$ORG$§W Force requise : §Y$NEED$§W.;Bewegung aufgrund schwacher Stärke unmöglich. Die aktuelle Stärke ist §Y$STR$§W, benötigt wird §Y$NEED$§W.;;No puede moverse debido a su escasa fuerza. La fuerza actual es de §Y$STR$§W, lejos de la necesaria §Y$NEED$§W.;;;;;;;;;x
tut_7a_6b;Below is a check box called Automate.\nAutomate will automatically set your trade order to buy what your armies need.;En dessous se trouve un case intitulée Automatiser.\nAutomatiser définit automatiquement la commande en fonction des besoins de vos armées.;Unten sehen Sie das Kontrollkästchen Automatisieren.\nAutomatisieren stellt Ihre Handelsgeschäfte automatisch so ein, dass die von Ihren Armeen benötigten Produkte gekauft werden.;;;;;;;;;;;x
tut_1a_4;The Dutch are massing on our borders, we must repel them. The first thing we need to do is select an army to do it. \n To select an army, click the army in Brussels;Les Hollandais se rassemblent à vos frontières, vous devez les repousser. Mais avant cela, une armée doit être sélectionnée. \n Pour ce faire, cliquez sur l'armée de Bruxelles.;Die Holländer versammeln sich an unseren Grenzen, wir müssen sie zurückschlagen. Dazu müssen wir zuerst eine Armee auswählen. \n Zur Auswahl einer Armee klicken Sie auf die Armee in Brüssel.;;;;;;;;;;;x
CONT_AI;Replace w. AI;Remplacer par IA;Mit KI ersetzen;;;;;;;;;;;x
CONT_CONTINUE;Continue (no AI);Continuer (pas d'IA);Fortfahren (keine KI);;;;;;;;;;;x
ASKMILITARYACCESS_THEY_ACCEPT_6;We can move our troops freely across their territory while this treaty is in effect.;Tant que ce traité est en vigueur, vous pouvez déplacer nos troupes à votre convenance sur leur territoire.;Während dieser Vertrag in Effekt ist, können unsere Truppen ungehindert über ihr Territorium marschieren.;;;;;;;;;;;x
ASKMILITARYACCESS_THEY_DECLINE_6;How they fail to see the benefits of having our troops on the streets of their capital is one of life's little mysteries.;Pourquoi ne voient-ils pas la présence de nos troupes dans les rues de leur capitale comme un atout ? C'est un des mystères de la vie !;Warum sie die Vorzüge nicht sehen können, unsere Truppen auf den Straßen ihrer Hauptstadt zu haben, wird wohl immer ein Geheimnis bleiben.;;;;;;;;;;;x
DISBAND_UNIT_DRO;Disbanding a brigade will remove it from the game, and thus reduce the amount of supplies your nation has to spend on maintenance.;Le démantèlement d'un régiment entraînera sa suppression du jeu et réduira les approvisionnements nécessaires à son entretien par votre nation.;Die Auflösung eines Regiments entfernt es aus dem Spiel und reduziert somit die Gütermenge, die Ihre Nation für die Instandhaltung aufbringen muss.;;;;;;;;;;;x
residency_desc;Only people of your nation's primary culture are allowed the vote.;Seule la population de la culture principale de votre nation est autorisée à voter.;Nur Angehörige der Primärkultur unserer Nation dürfen wählen.;;;;;;;;;;;x
limited_citizenship_desc;Only people of your nation's primary and accepted cultures are allowed the vote.;Seule la population de la culture principale et de la culture acceptée de votre nation est autorisée à voter.;Nur Angehörige der Primärkultur und der akzeptierten Kulturen unserer Nation dürfen wählen.;;;;;;;;;;;x
small_arms_production_desc;With the inventions of breech loaded rifles, mechanized rifle drilling, semi-automatics, and other technical improvements in weapons design, the industrial output of small arms was vastly increased during the 19th century.;Grâce à des inventions comme le fusil chargé par la culasse ou le semi-automatique, la production industrielle d'armes légères a considérablement augmenté au cours du XIXe siècle.;Während des neunzehnten Jahrhunderts erhöhte sich die industrielle Herstellung von Handfeuerwaffen durch die Erfindung von Hinterladern, mechanisierter Waffenlauffertigung, halbautomatischen Waffen und anderen technischen Neuerungen stark.;;;;;;;;;;;x
ammunition_production_desc;The design and production of basic munitions saw much improvement over the course of the 19th century. Advances in weapons design -- from muzzle to breech loads to semi-automatics and machine guns -- naturally meant that the design and production of ammunition also had to follow suit.;La conception et la production de munitions de base ont connu une nette amélioration au cours du XIXe siècle. Les progrès de l'armement (des fusils chargés par le canon aux fusils chargés par la culasse, en passant par les armes semi-automatiques et les mitrailleuses) ont naturellement entraîné une amélioration de la conception et de la production de munitions.;Im Verlauf des neunzehnten Jahrhunderts wurde auch das Design und die Produktion von Standardmunition stark verbessert. Die Fortschritte bei der Waffenentwicklung -- von Vorder- zu Hinterladern und dann zu halbautomatischen Waffen und Maschinengewehren -- bedeuteten natürlich, dass Munitionsdesign und-herstellung Schritt halten mussten.;;;;;;;;;;;x
explosives_production_desc;The Victorian era witnessed tremendous advances in man's capacity for blowing things up. An era that had started with little more advanced than simple black powder would, at the end of it, have seen the advent of both plastic explosives and nitroglycerin.;Les explosifs ont connu de formidables progrès au cours de l'ère victorienne qui a débuté avec la poudre à canon pour se terminer avec l'avènement du plastic et de la nitroglycérine.;Das viktorianische Zeitalter war Schauplatz gewaltiger Fortschritte der Menschen dabei, Sachen in die Luft zu jagen. Zu Beginn dieser Ära wurde noch mit einfachem Schwarzpulver hantiert, bei ihrem Ende gab es Plastiksprengstoffe und Nitroglyzerin.;;;;;;;;;;;x
artillery_production_desc;The Industrial Revolution of the 19th century affected practically all areas of human endeavour, and the production of artillery was no exception. What had previously been a lengthy process of cast molding bronze cannons would -- in the hands of luminaries of the industry, such as Alfred Krupp or Hiram Maxim -- become an industrialized and exact sience.;La révolution industrielle du XIXe siècle a eu des répercussions sur d'innombrables domaines, notamment la production de pièces d'artillerie. Grâce à des sommités comme Alfred Krupp ou Hiram Maxim, la production d'armes devint une science industrialisée et exacte.;Die industrielle Revolution des neunzehnten Jahrhundert beeinflusste praktisch alle Bereiche des menschlichen Strebens, und die Herstellung von Artilleriegeschützen stellte da keine Ausnahme dar. Was anfangs noch ein mühsames Gußverfahren war, wurde durch industrielle Lichtgestalten wie Alfred Krupp oder Hiram Maxim zu einer industrialisierten und präzisen Wissenschaft.;;;;;;;;;;;x
PO_PD_70;You have won a devastating victory, and can expect the fulfillment of several war goals in a peace settlement.;Vous avez remporté une écrasante victoire et pouvez espérer atteindre plusieurs objectifs de guerre lors des négociations de paix.;Sie haben einen verheerenden Sieg errungen, und in den Friedensverhandlungen können Sie die volle Erfüllung mehrerer Kriegsziele erwarten.;;;;;;;;;;;x
PO_PD_40;You have won a total victory, and should demand the fulfillment of at least one major war goal in a peace settlement.;Vous avez remporté une victoire totale et devez exiger l'application d'au moins un objectif de guerre lors des négociations de paix.;Sie haben einen totalen Sieg errungen, und in den Friedensverhandlungen können Sie die volle Erfüllung mindestens eines großen Kriegsziels erwarten.;;;;;;;;;;;x
PO_PD_10;You have won a victory. The enemy would most likely accept a white peace, or the fulfillment of at least a limited war goal in a peace settlement.;Vous avez remporté une victoire. L'ennemi acceptera certainement une paix blanche ou vous concédera au moins un objectif de guerre limité lors des négociations de paix.;Sie haben gesiegt. Der Feind wird in den Friedensverhandlungen mit größter Wahrscheinlichkeit wohl einen weißen Frieden oder die Erfüllung eines eingeschränkten Kriegsziels akzeptieren.;;;;;;;;;;;x
PO_PD_NEG_25;The enemy has won, and we should consider offering the fulfillment of at least a limited war goal of theirs in exchange for peace.;L'ennemi a gagné. Nous devons donc envisager de lui concéder au moins un de ses objectifs de guerre limités en échange de la paix.;Der Feind hat gewonnen, und wir sollten mit dem Gedanken spielen, im Gegenzug für den Frieden mindestens ein eingeschränktes Kriegsziel zu erfüllen.;;;;;;;;;;;x
PO_PD_NEG_60;The enemy has won a total victory, and we should consider offering them the fulfillment of at least one of their major war goals.;L'ennemi a remporté une victoire totale. Nous devons donc envisager de lui concéder au moins un de ses principaux objectifs de guerre.;Der Feind hat einen totalen Sieg erzielt, und wir sollten mit dem Gedanken spielen, im Gegenzug für den Frieden die Erfüllung mindestens eines großen Kriegsziels anzubieten.;;;;;;;;;;;x
PO_PD_NEG_99;The enemy has won a devastating victory, and we can expect them to demand the fulfillment of several war goals in the peace negotiations.;L'ennemi a remporté une victoire écrasante. Il risque de nous demander de concéder plusieurs objectifs de guerre lors des négociations de paix.;Der Feind hat einen verheerenden Sieg erzielt, und wir können damit rechnen, dass sie in den Friedensverhandlungen die Erfüllung mehrerer Kriegsziele verlangen werden.;;;;;;;;;;;x
TOPBAR_AT_WAR_WITH;At war with §Y$COUNTRY$§W;En guerre contre §Y$COUNTRY$§W;Im Krieg mit §Y$COUNTRY$§W;;;;;;;;;;;x
tut_7a_8a;Notice the icon with the text BUY under it, and the slider next to it. This means that if you pull the slider to a certain stockpile value, the game will attempt to buy the the trade goods until you have that amount.;Notez l'icône sous laquelle apparaissent le texte VENDRE et le curseur qui l'accompagne. Le jeu achète la quantité de marchandises correspondant à la valeur désignée par le curseur.;Beachten Sie das Symbol, unter dem VERKAUFEN steht, und den Schieberegler daneben. Wenn Sie diesen Schieberegler auf einen bestimmten Vorratswert ziehen, versucht die KI, das betreffende Handelsgut so lange einzukaufen, bis der vorgegebene Wert erreicht ist.;;;;;;;;;;;x
REMOVE_tut_7b_8;The government (the player or the AI) can buy and sell on the market in two ways, either by setting trade orders or by automatic trades generated through other actions in the game. The arrow next to the price indicates whether prices are rising (green), remaining steady (yellow) or falling (red). Click the Icon for Clipper Convoys to see an automatic Trade.;Le gouvernement (le joueur ou l'IA) peut acheter et vendre sur le marché de deux façons : en passant des commandes ou en générant des transactions automatiques via d'autres actions du jeu. La flèche située près du prix indique s'il monte (vert), s'il est stable (jaune) ou s'il baisse (rouge). Cliquez sur l'icône des convois de clippers pour assister à une transaction automatique.;Die Regierung (der Spieler oder die KI) kann auf dem Markt auf zweierlei Art kaufen und verkaufen: Entweder durch Erteilung von Handelsaufträgen oder durch automatische Handelsgeschäfte, die durch andere Spielaktionen erzeugt werden. Der Pfeil neben dem Preis zeigt an, ob er steigt (grün), gleich bleibt (gelb) oder fällt (rot). Klicken Sie nun auf das Klipper-Konvoi-Symbol, um sich ein automatisiertes Handelsgeschäft anzusehen.;;;;;;;;;;;x
EVTOPTA17000;There will be no suffrage at this junction;Il n'y aura aucun vote à cette jonction.;Vorerst wird es kein Wahlrecht geben.;;;;;;;;;;;x
EVTOPTB17000;If only there were popular support for this idea...;Si seulement cette idée bénéficiait d'un soutien populaire...;Wenn die Bevölkerung nur hinter dieser Idee stehen würde ...;;;;;;;;;;;x