135602.T;金雀花的提案;;;;;;;;;;;;;x;;;;;;;;;;;;;;;
135602.D;我们的阿赛西亚总督收到了一封信，似乎金雀花想要从我们这里购买这个半岛。他们打算出一大笔钱，而我们当前的财政和政治状况让我们倾向于接受他们的提案。;;;;;;;;;;;;;x;;;;;;;;;;;;;;;
135603.T;威尼斯同意！;;;;;;;;;;;;;x;;;;;;;;;;;;;;;
135603.D;威尼斯已经同意接受我们购买阿赛西亚的提案！更棒的是，他们不仅同意出售半岛，也包括附属的岛屿！;;;;;;;;;;;;;x ;;;;;;;;;;;;;;;
135604.T;威尼斯拒绝！;;;;;;;;;;;;;x;;;;;;;;;;;;;;;
135604.D;尽管面临不利的局面，威尼斯拒绝了我们购买阿赛西亚殖民地的提案。我们可以接受，又或者向他们下达最后通牒。;;;;;;;;;;;;;x;;;;;;;;;;;;;;;
135605.T;阿赛西亚危机;;;;;;;;;;;;;x;;;;;;;;;;;;;;;
135605.D;看起来金雀花并不接受拒绝。他们正在阿赛西亚的边境召集士兵，也有传言说他们的战舰也正准备前往远洋。也许现在我们应该让步？;;;;;;;;;;;;;x;;;;;;;;;;;;;;;
135606.T;威尼斯改主意了;;;;;;;;;;;;;x;;;;;;;;;;;;;;;
135606.D;威尼斯已经改变了原先的决定，并把阿赛西亚转交给我们。他们向我们卑躬屈膝，证明了我们的强大！;;;;;;;;;;;;;x;;;;;;;;;;;;;;;
135607.T;向威尼斯宣战！;;;;;;;;;;;;;x;;;;;;;;;;;;;;;
135607.D;威尼斯再次拒绝了转交阿赛西亚。他们似乎觉得我们战争的威胁只是一纸空文。我们的军队会让他们知道自己错的离谱。;;;;;;;;;;;;;x;;;;;;;;;;;;;;;
135610.T;金雀花的提案;;;;;;;;;;;;;x;;;;;;;;;;;;;;;
135610.D;金雀花打算出一大笔钱来从我们这购买古巴。尽管几个世纪以来这里一直是我们忠诚的殖民地，但金雀花打算为此下一番血本。我们要怎么做？;;;;;;;;;;;;;x;;;;;;;;;;;;;;;
135611.T;古巴是我们了！;;;;;;;;;;;;;x;;;;;;;;;;;;;;;
135611.D;西班牙接受了我们的提案，这是我们国家伟大的一天，我们将主宰加勒比。;;;;;;;;;;;;;x;;;;;;;;;;;;;;;
135612.T;西班牙拒绝！;;;;;;;;;;;;;x;;;;;;;;;;;;;;;
135612.D;很不幸西班牙拒绝了我们的提案。和威尼斯不同，我们不能负担和西班牙的战争。但这种小挫折不能阻挡我们崛起的脚步！;;;;;;;;;;;;;x;;;;;;;;;;;;;;;
135620.T;购买南海群岛的提案;;;;;;;;;;;;;x;;;;;;;;;;;;;;;
135620.D;金雀花正在加勒比扩张。他们现在把目光盯向了我们的殖民地。近些年这些殖民地在某种程度上成为了我们财政的负担，但我们也不愿就这样向一个小国卑躬屈膝。;;;;;;;;;;;;;x;;;;;;;;;;;;;;;
135621.T;斯堪的纳维亚同意！;;;;;;;;;;;;;x;;;;;;;;;;;;;;;
135621.D;我们几乎统治了整个加勒比！我们拥有了海地。整个加勒比仅剩英德拉斯兰尚未属于我们。;;;;;;;;;;;;;x;;;;;;;;;;;;;;;
135622.T;斯堪的那维亚拒绝！;;;;;;;;;;;;;x;;;;;;;;;;;;;;;
135622.D;斯堪的那维亚拒绝了我们的提议。尽管如此，我们在加勒比已经得到够多了。;;;;;;;;;;;;;x;;;;;;;;;;;;;;;
135630.T;卖掉英德拉斯兰？;;;;;;;;;;;;;x;;;;;;;;;;;;;;;
135630.D;金雀花打算出钱买下英德拉斯兰。尽管这岛对我们没用，我们也能通过拒绝它来显示自己的实力。;;;;;;;;;;;;;x;;;;;;;;;;;;;;;
135631.T;勃艮第同意！;;;;;;;;;;;;;x;;;;;;;;;;;;;;;
135631.D;勃艮第同意了！现在我们就是加勒比的主宰者了！;;;;;;;;;;;;;x;;;;;;;;;;;;;;;
135632.T;勃艮第拒绝！;;;;;;;;;;;;;x;;;;;;;;;;;;;;;
135632.D;勃艮第拒绝了我们的提议。我们当然也没失去什么，因为我们已经控制了加勒比的大部分地区。;;;;;;;;;;;;;x;;;;;;;;;;;;;;;
acquire_state_chinese_rival;获得地区;;;;;;;;;;;;;x
acquire_state_chinese_rival_desc;以中国的皇帝的身份，我们要征服这个地区。;;;;;;;;;;;;;x,,,,,,,,,,,,,,,,,,,,,,,,;;;;;;;;;;;;;;;
acquire_state_chinese_rival_setup;从 $RECIPIENT$ 手中收复中国领土;;;;;;;;;;;x,,,,,,,,,,,,,,,,,,,,,,,,;;;;;;;;;;;;;;;
acquire_state_chinese_rival_short;获得 $STATE$;;;;;;;;;;;x,,,,,,,,,,,,,,,,,,,,,,,,;;;;;;;;;;;;;;;
unification_free_peoples;解放意大利人民;Peuple libre;Freies Volk;;;;;;;;;;;;x;;;;;;;;;;;;;;,,,,,,
unification_free_peoples_short;$THIRD$ 要求 $STATE$;$THIRD$ prend $STATE$;$THIRD$ erwirbt $STATE$;;;;;;;;;;;;x;;;;;;;;;;;;;;,,,,,,
unification_free_peoples_setup;将 $RECIPIENT$ 的 $STATE$ 交还给 $THIRD$ ;;;;;;;;;;;;x;;;;;;;;;;;;;;,,,,,,
afro_burgundian_slave_citizens_desc;“现在决非奢谈冷静下来或服用渐进主义的镇静剂的时\n候。现在是实现民主的诺言时候。现在是从种族隔离的\n荒凉阴暗的深谷攀登种族平等的光明大道的时候，现在\n是向上帝所有的儿女开放机会之门的时候，现在是把我\n们的国家从种族不平等的流沙中拯救出来，置于兄弟情\n谊的磐石上的时候。”;;;;;;;;;;;;x
afro_burgundian_slave_citizens_title;我有一个梦想;;;;;;;;;;;x
afro_colombian_slave_citizens_desc;“现在决非奢谈冷静下来或服用渐进主义的镇静剂的时\n候。现在是实现民主的诺言时候。现在是从种族隔离的\n荒凉阴暗的深谷攀登种族平等的光明大道的时候，现在\n是向上帝所有的儿女开放机会之门的时候，现在是把我\n们的国家从种族不平等的流沙中拯救出来，置于兄弟情\n谊的磐石上的时候。”;;;;;;;;;;;x,,,,,,
afro_colombian_slave_citizens_title;我有一个梦想;;;;;;;;;;;x
afro_french_slave_citizens_desc;“现在决非奢谈冷静下来或服用渐进主义的镇静剂的时\n候。现在是实现民主的诺言时候。现在是从种族隔离的\n荒凉阴暗的深谷攀登种族平等的光明大道的时候，现在\n是向上帝所有的儿女开放机会之门的时候，现在是把我\n们的国家从种族不平等的流沙中拯救出来，置于兄弟情\n谊的磐石上的时候。”;;;;;;;;;;;x
afro_french_slave_citizens_title;我有一个梦想;;;;;;;;;;;x,,,,,,
annex_chinese_rival;统一中国;;;;;;;;;;;x,,,,,,
annex_chinese_rival_desc;吞并一个中国王朝。;;;;;;;;;;;x,,,,,,
annex_chinese_rival_setup;吞并 $RECIPIENT$ ;;;;;;;;;;;x,,,,,,
annex_chinese_rival_short;吞并 $RECIPIENT$ ;;;;;;;;;;;x,,,,,,
ask_venice_desc;根据佩特雷条约，当有足够的自治能力时威尼斯\n必须允许我们完全独立。现在是时候重建辉煌的\n希腊帝国了！;;;;;;;;;;x,,,,,,
ask_venice_title;要求独立;;;;;;;;;;x,,,,,,
become_protector_NEJ_desc;腐朽的奥斯曼帝国已经没有能力守护圣城了！以\n真主之名，我们将保护麦加和麦地那！;;;;;;;;;;;x,,,,,,
become_protector_NEJ_title;继承哈里发;;;;;;;;;;;x,,,,,,
claim_albania_desc;13世纪中后期，随着拜占庭帝国和保加利亚帝国的衰落，\n大多数阿尔巴尼亚领土先后成为了拉什卡和塞尔维亚帝国\n的一部分。南部作为塞尔维亚治下的伊庇鲁斯公国保持半\n自治状态。塞尔维亚统治着阿尔巴尼亚的同时，还有一个\n阿尔巴尼亚公国，也就是后来的阿尔巴尼亚王国。基于这\n些无可争议的史实，我们可以延续对阿尔巴尼亚的正当统\n治。;;;;;;;;;;;x,,,,,,
claim_albania_title;统治阿尔巴尼亚;;;;;;;;;;;x,,,,,,
claim_bulgaria_desc;南斯拉夫大家庭怎么能缺少保加利亚呢？让他们共享帝国\n的自由与荣耀吧。;;;;;;;;;;;x,,,,,,
claim_bulgaria_title;统治保加利亚;;;;;;;;;;;x,,,,,,
claim_finland_desc;在因格里亚和卡累利阿对抗斯堪的纳维亚是件麻烦事。我们\n必须借助芬兰军队的力量防止敌方的突然袭击，维持北方军\n事力量的平衡。;;;;;;;;;;;x,,,,,,
claim_finland_title;熊与鸦;;;;;;;;;;;x,,,,,,
claim_greeks_desc;塞尔维亚帝国存在于1346-1371年,沙皇斯忒芬统治着塞尔\n维亚人和希腊人，统治着从萨罗尼加到诺维萨德的广袤领\n土。虽然帝国已随沙皇远去，但塞尔维亚精神永存...;;;;;;;;;;;;x,,,,,
claim_greeks_title;重夺塞尔维亚帝国的领土;;;;;;;;;;;x,,,,,,
claim_livonia_desc;我们在立窝尼亚的合法统治被斯堪的纳维亚野蛮人篡夺太\n久了，现在是时候了，让我们光复立窝尼亚！;;;;;;;;;;;x,,,,,,
claim_livonia_title;俄罗斯的立窝尼亚;;;;;;;;;;;x,,,,,,
claim_old_england_desc;曾几何时，一群窘迫的难民来到这片陌生的土地......\n时过境迁，我们已经成为了公认的列强！现在是时候了，挑\n战驱逐我们的法兰西暴君，夺回我们世代生存的土地！;;;;;;;;;;x;,,,,,,
claim_old_england_title;卷土重来;;;;;;;;;;x;,,,,,,
claim_old_netherlands_desc;曾几何时，一群窘迫的难民来到这片陌生的土地......\n时过境迁，我们已经成为了公认的列强！现在是时候了，挑\n战驱逐我们的勃艮第暴君，夺回我们世代生存的土地！;;;;;;;;;;x;,,,,,,
claim_old_netherlands_title;卷土重来;;;;;;;;;;x;,,,,,,
claim_siberia_desc;从伟大探险家阿特拉索夫和安茨费洛夫时期我们就首先宣称\n了对西伯利亚地区的主权，现在是时候行使权利了。;;;;;;;;;;x;,,,,,,
claim_siberia_title;向东进军;;;;;;;;;;x;,,,,,,
claim_thrace_desc;我们终于实现了对古希腊领土的征服，但这还不够。只有伟\n大的君士坦丁堡才配得上我们强盛的帝国！首先我们必须把\n肮脏的土耳其人永远赶出欧洲。;;;;;;;;;;;x,,,,,,
claim_thrace_title;荣耀之城;;;;;;;;;;;x,,,,,,
colombian_empire_desc;虽然独裁取代民主是一种极端的选择，但在我们大哥\n伦比亚这无疑是正确的。分离主义思潮慢慢消去，我\n们可以向共和联盟和平转变了。当然，有人建议拥戴\n总统为皇帝，作为国家的名义领袖（议会保留实际权\n力），以防止极端党派垄断政治。;;;;;;;;;;;;x,,,,,,
colombian_empire_title;帝国万岁！;;;;;;;;;;;x,,,,,,
colombian_republic_desc;虽然独裁取代民主是一种极端的选择，但在我们大哥\n伦比亚这无疑是正确的。分离主义思潮慢慢消去，我\n们可以向共和联盟和平转变了。;;;;;;;;;;;;x,,,,,,
colombian_republic_title;共和国万岁！;;;;;;;;;;;x,,,,,,
conquest;征服;;;;;;;;;;;x,,,,,,
conquest_desc;吞并小的开化国家;;;;;;;;;;;x,,,,,,
conquest_unciv_large;殖民征服;;;;;;;;;;;x,,,,,,
conquest_unciv_large_desc;吞并一个大的未开化国家;;;;;;;;;;;x,,,,,,
conquest_unciv_large_setup;吞并 $RECIPIENT$;;;;;;;;;;;;x,,,,,,
conquest_unciv_large_short;吞并 $RECIPIENT$;;;;;;;;;;;;x,,,,,,
conquest_unciv_medium;殖民征服;;;;;;;;;;;x,,,,,,
conquest_unciv_medium_desc;吞并一个中型的未开化国家;;;;;;;;;;;x,,,,,,
conquest_unciv_medium_setup;吞并 $RECIPIENT$;;;;;;;;;;;;x,,,,,,
conquest_unciv_medium_short;吞并 $RECIPIENT$;;;;;;;;;;;;x,,,,,,
conquest_unciv_small;殖民征服;;;;;;;;;;;x,,,,,,
conquest_unciv_small_desc;吞并一个小的未开化国家;;;;;;;;;;;x,,,,,,
conquest_unciv_small_setup;吞并 $RECIPIENT$;;;;;;;;;;;;x,,,,,,
conquest_unciv_small_short;吞并 $RECIPIENT$;;;;;;;;;;;;x,,,,,,
cusco_capital_desc;终于，我们从东方的野蛮人手中夺回了首都库斯科！\n让我们重建辉煌的印加王朝吧.;;;;;;;;;;;x,,,,,,
cusco_capital_title;迁都库斯科;;;;;;;;;;;x,,,,,,
DIPLOMACY_COLONIALNATION_STATUS;开化国家;;;;;;;;;;;x,,,,,,
establish_protectorate_large;建立保护国;;;;;;;;;;;x,,,,,,
establish_protectorate_large_desc;以建立保护国的方式吞并一个大的未开化国家;;;;;;;;;;;x,,,,,,
establish_protectorate_large_setup;吞并 $RECIPIENT$;;;;;;;;;;;x,,,,,,
establish_protectorate_large_short;吞并 $RECIPIENT$;;;;;;;;;;;x,,,,,,
establish_protectorate_medium;建立保护国;;;;;;;;;;;x,,,,,,
establish_protectorate_medium_desc;以建立保护国的方式吞并一个中型的未开化国家;;;;;;;;;;;x,,,,,,
establish_protectorate_medium_setup;吞并 $RECIPIENT$;;;;;;;;;;x;,,,,,,
establish_protectorate_medium_short;吞并 $RECIPIENT$;;;;;;;;;;x;,,,,,,
establish_protectorate_small;建立保护国;;;;;;;;;;x;,,,,,,
establish_protectorate_small_desc;以建立保护国的方式吞并一个小的未开化国家;;;;;;;;;;x;,,,,,,
establish_protectorate_small_setup;吞并 $RECIPIENT$;;;;;;;;;;x;,,,,,,
establish_protectorate_small_short;吞并 $RECIPIENT$;;;;;;;;;;x;,,,,,,
GC_DESC;　　伟大的德意志战争已然远去，自由主义和民族主义似乎同革命者一起被埋葬了。\n外来政权依然牢牢地掌控着荷兰、英格兰、勃兰登堡。但笼罩着欧陆的不过是暴风雨\n前的宁静：工业化、科学技术的滚滚洪流和人们郁积的不满预示着新的变革。在大洋\n彼岸，新生力量正试图挑战古老的霸权，而在遥远的东方，沉睡已久的王朝正准备重\n获辉煌...;;;;;;;;;;;x,,,,,,
EVTDESC123100;在勃艮第和波希米亚的夹缝间，在神圣罗马帝国\n的废墟上，所有德意志人的独立斗争愈演愈烈。\n终于在 $YEAR$ 年，各德意志大公齐聚 $CAPITAL$ \n商讨民族的未来。除了一个统一的国家，他们还\n要求更多的社会政治改革。;;;;;;;;;;;;x,,,,,,
EVTDESC123101;德意志大会决定授予我们新帝国的皇冠！让我们\n为自由的德意志三呼万岁！;;;;;;;;;;;;x,,,,,,
EVTDESC123102;经历了几个世纪奴役，德意志人终于再次掌握了\n自己的命运。 $MONARCHTITLE$ ，我们该怎么做？;;;;;;;;;;;;x,,,,,,
"EVTDESC123104;"" $MONARCHTITLE$ ，德意志的白痴们相信他们可\n以在""""自由、平等、团结""""的共识下联合建国。\n看来他们不知道德意志只是一个地理概念。"";;;;;;;;;;;;x",,,,,,
EVTDESC123106;遵照第一次德意志大会的共识，德意志各自由州\n代表们在 $CAPITAL$ 商讨下一步计划。有传言\n说他们将联合组建德意志帝国。;;;;;;;;;;;;x,,,,,,
EVTDESC124100;$MONARCHTITLE$ ，坏消息：阿拉贡国王加冕意大\n利国王，迁都罗马，组成了阿意联合王国。这大\n大改变了欧洲局势，严重触犯了我们的利益。;;;;;;;;;;;x;,,,,,,
EVTDESC125100;奥斯曼帝国的崛起带给了苏丹穆罕默德二世哈里发之位。\n他的孙儿塞利姆一世随后征服了马木留克和埃及，成为了\n伊斯兰世界的捍卫者。;;;;;;;;;;;x;,,,,,,
EVTDESC125101;$MONARCHTITLE$ ，阿拉伯的白痴正在挑战您的哈\n里发地位。穆斯林不能有两个领袖，这会导致分\n歧和异端，必须阻止他们。;;;;;;;;;;;x;,,,,,,
EVTDESC125102;我们压制贝督因人重夺圣城的努力失败了。我们\n永远失去了哈里发的地位。;;;;;;;;;;;x;,,,,,,
EVTDESC125103;我们重新成为了圣城的保护者。我们将永享哈里\n发的地位。;;;;;;;;;;;x;,,,,,,
EVTDESC126100;在皇帝和贵族的内战中，总督麦卡尔萨胡宣称奥\n罗莫一族才是所罗门王朝的正统继承者。所有阿\n比西尼亚的奥罗莫人，在受尽了阿姆哈拉统治者的\n迫害后，终于获取了自由和独立。;;;;;;;;;;;x;,,,,,,
EVTDESC222100;既然奥斯曼帝国渐渐衰落，民族主义者又在与列\n强的佩特雷协定中获得了足够的支持。我们该怎\n么做呢？;;;;;;;;;;;x;,,,,,,
EVTDESC222101;希腊根据佩特雷协定要求独立，但历来受人尊敬\n的威尼斯共和国竟然无情的拒绝了。;;;;;;;;;;;x;,,,,,,
EVTDESC222102;400年过去了，我么没有想到伊斯坦布尔已经变\n得这么危险，我们得离开了，陛下。;;;;;;;;;;;x;,,,,,,
EVTDESC46408;国会大门最终敞开了。今天，联邦的所有代表将共\n同作出决议，分离主义者会胜利吗？;;;;;;;;;;;x;,,,,,,
EVTDESC46409;经过了周密的审议，一部新宪法终于出炉了，不仅\n保证了所有大哥伦比亚人的自由，还加强了国家的\n统一和团结。这是人民的意愿！;;;;;;;;;;;x;,,,,,,
EVTDESC46410;相互的猜忌和抵触使制宪大会变得一团糟。秘鲁、\n厄瓜多尔、桑坦德、委内瑞拉和圭亚那的代表重申\n了他们的独立决定愤而离开了会议。我们应该接受\n结果加强在北方的统治，还是拒绝他们建立强权独\n裁呢？;;;;;;;;;;;x;,,,,,,
EVTDESC46411;1835年的哈瓦那血战和随后达成的圣地亚哥协定保\n障了哥伦比亚联盟各国的独立。但随着西蒙-玻利瓦\n尔的死去，联盟中的支配势力，墨西哥，攫取了所\n有权力，非法吞并了所有加盟国。时至今日，人民\n的不满迫使总统宣布了召开全国制宪会议。会议会\n取得成功吗？;;;;;;;;;;;x;,,,,,,
EVTDESC46412;经过了这么多天的讨价还价，各州代表达成了独立\n的共识。我们可以选择接受，或者建立独裁统治维\n护国家的统一。;;;;;;;;;;;x;,,,,,,
EVTDESC46413;大哥伦比亚的命运已定，南部特使试图联合组建国\n家。他们最终联合成立了格林纳达联邦。;;;;;;;;;;;x;,,,,,,
EVTDESC46414;大哥伦比亚的命运已定，南部特使试图联合组建国\n家。他们失败了，但卡斯提尔和桑坦德宣布他们将\n联合成为新格林纳达，并继承格林纳达的统治，而\n基多和阿雷基帕决定联合起来对抗他们，局势混乱\n不堪。;;;;;;;;;;;x;,,,,,,
EVTDESC46415;大哥伦比亚的命运已定，南部特使试图联合组建国\n家。他们失败了，但卡斯提尔和桑坦德宣布他们将\n联合成为新格林纳达，局势混乱不堪。;;;;;;;;;;;x;,,,,,,
EVTDESC46416;大哥伦比亚的命运已定，南部特使试图联合组建国\n家。但他们失败了，南部各国各自为政，局势混乱\n不堪。;;;;;;;;;;;x;,,,,,,
EVTDESC46417;在安达哥亚会议期间，中美洲地区的代表们秘密决定\n联合组成中美洲联邦，他们成功了。要会见中美洲\n联邦的代表吗？;;;;;;;;;x;,,,,,,
EVTDESC46418;在安达哥亚会议期间，中美洲地区的代表们秘密决定\n联合组成中美洲联邦，但和其他阴谋一样，都失败\n了。;;;;;;;;;;;x;,,,,,,
EVTDESC46419;安达哥亚会议尘埃落定，所有的独立要求都实现了。\n我们继承的墨西哥难及大哥伦比亚的万一。;;;;;;;;;;;x;,,,,,,
EVTDESC46420;陛下! 尤卡坦决定独立了!;;;;;;;;;;;x;,,,,,,
EVTDESC46421;陛下! 哈利斯科决定独立了!;;;;;;;;;;;x;,,,,,,
EVTDESC46422;陛下! 尤卡坦和阿兹特兰决定独立了!;;;;;;;;;;;;x,,,,,,
EVTNAME123100;第一次德意志人大会在 $CAPITAL$ 召开;;;;;;;;;;;;x,,,,,,
EVTNAME123101;皇冠;;;;;;;;;;;x,,,,,,
EVTNAME123102;独立会议;;;;;;;;;;;x,,,,,,
EVTNAME123104;德意志人起义!;;;;;;;;;;;x,,,,,,
EVTNAME123106;南德人大会在 $CAPITAL$ 召开;;;;;;;;;;;x;,,,,,,
EVTNAME124100;阿拉贡国王宣布加冕意大利国王;;;;;;;;;;x;,,,,,,
EVTNAME125100;奥斯曼继承哈里发;;;;;;;;;;x;,,,,,,
EVTNAME125101;阿拉伯继承哈里发;;;;;;;;;;x;,,,,,,
EVTNAME125102;圣城之战的失败!;;;;;;;;;;x;,,,,,,
EVTNAME125103;圣城之战的胜利!;;;;;;;;;;x;,,,,,,
EVTNAME126100;奥罗莫人起义;;;;;;;;;;x;,,,,,,
EVTNAME222100;希腊请求独立;;;;;;;;;;x;,,,,,,
EVTNAME222101;拒绝希腊独立;;;;;;;;;;x;,,,,,,
EVTNAME222102;撤离伊斯坦布尔;;;;;;;;;;x;,,,,,,
EVTNAME46408;安达哥亚会议的结束;;;;;;;;;;x;,,,,,,
EVTNAME46409;安达哥亚会议的成功;;;;;;;;;;x;,,,,,,
EVTNAME46410;安达哥亚会议的失败;;;;;;;;;;x;,,,,,,
EVTNAME46411;安达哥亚会议;;;;;;;;;;x;,,,,,,
EVTNAME46412;分离主义者在安达哥亚会议取得成功;;;;;;;;;;x;,,,,,,
EVTNAME46413;格林纳达会议的成功;;;;;;;;;;x;,,,,,,
EVTNAME46414;格林纳达会议的妥协;;;;;;;;;;x;,,,,,,
EVTNAME46415;格林纳达会议的妥协;;;;;;;;;;x;,,,,,,
EVTNAME46416;格林纳达会议的失败;;;;;;;;;;x;,,,,,,
EVTNAME46417;第二次安达哥亚会议的成功;;;;;;;;;;x;,,,,,,
EVTNAME46418;第二次安达哥亚会议的失败;;;;;;;;;;x;,,,,,,
EVTNAME46419;失落的天堂;;;;;;;;;;x;,,,,,,
EVTNAME46420;尤卡坦危机;;;;;;;;;;x;,,,,,,
EVTNAME46421;哈利斯科危机;;;;;;;;;;;x,,,,,,
EVTNAME46422;原住民危机;;;;;;;;;;;x,,,,,,
EVTOPTA123100;愿德意志的未来更光明!;;;;;;;;;;;x,,,,,,
EVTOPTA123101;德意志万岁!;;;;;;;;;;;x,,,,,,
EVTOPTA123102;加入联合阵线! (自动吞并);;;;;;;;;;;;x,,,,,,
EVTOPTA123104;教训一下他们吧!;;;;;;;;;;x;,,,,,,
EVTOPTA123106;德意志爱国者的胜利!;;;;;;;;;;x;,,,,,,
EVTOPTA124100;野心不小，实力可够?;;;;;;;;;;x;,,,,,,
EVTOPTA125100;以穆罕默德之名!;;;;;;;;;;x;,,,,,,
EVTOPTA125101;我们要的不是头衔。;;;;;;;;;x;,,,,,,
EVTOPTA125102;我们的羞辱成功了?;;;;;;;;;x;,,,,,,
EVTOPTA125103;以真主之名!;;;;;;;;;;x;,,,,,,
EVTOPTA126100;我们会击败他们的!;;;;;;;;;;x;,,,,,,
EVTOPTA222100;他们是对的.;;;;;;;;;;x;,,,,,,
EVTOPTA222101;没人能阻碍希腊的自由!;;;;;;;;;;;x;,,,,,,
EVTOPTA222102;我们最终还是被赶出欧洲了?;;;;;;;;;x;,,,,,,
EVTOPTA46408;静待流言变为现实?;;;;;;;;;x;,,,,,,
EVTOPTA46409;大哥伦比亚万岁!;;;;;;;;;;x;,,,,,,
EVTOPTA46410;这是他们的权利.;;;;;;;;;;x;,,,,,,
EVTOPTA46411;我们应该等待结果，像所有大哥伦比亚人一样。;;;;;;;;;;x;,,,,,,
EVTOPTA46412;这是他们的权利.;;;;;;;;;;x;,,,,,,
EVTOPTA46413;满足他们?;;;;;;;;;x;,,,,,,
EVTOPTA46414;满足他们?;;;;;;;;;x;,,,,,,
EVTOPTA46415;满足他们?;;;;;;;;;x;,,,,,,
EVTOPTA46416;满足他们?;;;;;;;;;x;,,,,,,
EVTOPTA46417;他们竟然敢这样!;;;;;;;;;;x;,,,,,,
EVTOPTA46418;他们竟然敢这样!;;;;;;;;;;;x,,,,,,
EVTOPTA46419;这是我们历史上最黑暗的一天!;;;;;;;;;;x;,,,,,,
EVTOPTA464194;满足他们?;;;;;;;;;x;,,,,,,
EVTOPTA46420;这是我们历史上最黑暗的一天!;;;;;;;;;;x;,,,,,,
EVTOPTA46421;这是我们历史上最黑暗的一天!;;;;;;;;;;x;,,,,,,
EVTOPTA46422;这是我们历史上最黑暗的一天!;;;;;;;;;;x;,,,,,,
EVTOPTB123101;我们不得不拒绝。;;;;;;;;;;x;,,,,,,
EVTOPTB123102;我们能单独应对吗?;;;;;;;;;;x;,,,,,,
EVTOPTB123104;他们竟然敢这样!;;;;;;;;;;;x,,,,,,
EVTOPTB125101;我是唯一忠诚的指挥官!;;;;;;;;;;;x,,,,,,
EVTOPTB222100;应该支持他们。;;;;;;;;;;;x,,,,,,
EVTOPTB46410;这是背叛!民主愚弄了我们!;;;;;;;;;;;x,,,,,,
EVTOPTB46412;这是背叛!民主愚弄了我们!;;;;;;;;;;;x,,,,,,
EVTOPTC123102;我们只是仆人?;;;;;;;;;;;x,,,,,,
EVTOPTC222100;绝不!;;;;;;;;;;;x,,,,,,
flight_to_sicily_desc;这是王国最为黯淡的时期，我们在伊比利亚的领土不\n断被蚕食，很快，巴塞罗那将不再安全。或许应该从\n长计议。上帝保佑我们在意大利重获辉煌。;;;;;;;;;;;;x,,,,,,
flight_to_sicily_title;忍辱负重;;;;;;;;;;;x,,,,,,
form_china_chagatai_desc;伟大的成吉思汗建立的蒙古帝国在他死后被瓜分。多少年过\n去了，我们成了四大汗国在时间长河中唯一的幸存者。今天\n，我们以真主的名义重建蒙古帝国，愿真主保佑我们永远统\n治中国。;;;;;;;;;;;;x,,,,,,
form_china_chagatai_title;重建蒙古帝国;;;;;;;;;;;x,,,,,,
form_china_claimant_desc;自前朝运终，夷狄入关，战乱纷始，百有余年。\n幸孤上承天命，下应黎民，广致英贤，励精图治。\n今乘逐鹿之秋，安一海内，勉徇舆情，而即帝位。\n布告天下，咸使闻知。;;;;;;;;;;;;x,,,,,,
form_china_claimant_title;奉天承运;;;;;;;;;;;x,,,,,,
form_china_manchu_desc;昔太祖武皇帝，握乾符而起朔土，圣祖仁皇帝，以神\n武而膺帝图，及至今日，大恢土宇。然国家之大统不\n可久旷，神人之重寄不可暂虚，虽在征伐之间，每存\n仁爱之念，博施济众，实可为天下主。峻辞固让，至\n于再三，历数攸归，钦应上天之命！;;;;;;;;;;;;x,,,,,,
form_china_manchu_title;荣登大宝;;;;;;;;;;;x,,,,,,
form_china_mongol_desc;先祖们建立的大元曾经统治了中国164年。经历了几个\n世纪的沉沦，如今，我们可以恢复大元的光荣统治！;;;;;;;;;;;;x,,,,,,
form_china_mongol_title;复元;;;;;;;;;;;x,,,,,,
form_china_return_desc;离乡别井漫年长，苦辣酸甜历遍尝；\n一脸沧桑归故里，满身银气建华堂。\n经历了几个世纪的颠沛流离，我们终于有能力带给祖\n国长久的统一。让我们移都大陆，重建天朝上国！;;;;;;;;;;;;x,,,,,,
form_china_return_title;衣锦还乡;;;;;;;;;;;x,,,,,,
form_china_tibet_desc;几个世纪以来，我们入主中原的努力终于\n没有白费。现在我们将为中国带来永久的\n和平与荣耀。;;;;;;;;;;;;x,,,,,,
form_china_tibet_title;君临天下;;;;;;;;;;;x,,,,,,
form_greece_desc;希腊已经分裂和臣服了太久，如果不是我\n们，它将永远处于外国的奴役下。让我们\n一起为希腊的独立欢呼吧！;;;;;;;;;;;;x,,,,,,
form_greece_title;希腊的重生;;;;;;;;;;;x,,,,,,
form_grossdeutschland_desc;我们在德意志地区的统治已经无法撼动了。\n一千年来，所有德意志人首次站在同一旗帜\n下。让我们为伟大的德意志帝国欢呼，领导\n欧洲走向辉煌！;;;;;;;;;;;;x,,,,,,
form_grossdeutschland_title;让德意志之鹰翱翔！;;;;;;;;;;;x,,,,,,
form_lesser_germany_desc;我们已经在中南德意志建立了稳固的统治。虽\n然离联合所有德意志人还有一段距离，成立一个\n小德意志国家会是我们取得最后成功的基石!;;;;;;;;;;;x,,,,,,
form_lesser_germany_title;建立多瑙邦联;;;;;;;;;;x,,,,,,
form_north_german_league_desc;我们已经在北德意志建立了稳固的统治。虽然\n离联合所有德意志人还有一段距离，成立柏林\n同盟会是我们取得最后成功的基石!;;;;;;;;;;;;x,,,,,,
form_north_german_league_title;成立柏林同盟;;;;;;;;;;;x,,,,,,
form_russia_desc;所有东斯拉夫民族终于走到了一起，是时候建\n立一个所有俄罗斯人的国家了。让巨熊的觉醒\n震惊全欧洲吧！;;;;;;;;;;;;x,,,,,,
form_russia_title;沙皇万岁！;;;;;;;;;;;x,,,,,,
form_south_africa_desc;从勃艮第的征服和大迁徙开始，建立一个自由\n统一的布尔国家就是我们所有人的梦想。今天\n，这个梦想变成了现实！;;;;;;;;;;;;x,,,,,,
form_south_africa_title;统一南非;;;;;;;;;;;x,,,,,,
form_yugoslavia_desc;南斯拉夫国家的理念形成于17世纪，并在19世\n纪的伊利里亚运动中发扬光大。如今我们联合\n了所有南斯拉夫民族，所有南斯拉夫人的国家\n将不再只是梦想。;;;;;;;;;;;;x,,,,,,
form_yugoslavia_title;南斯拉夫民族大联合;;;;;;;;;;;x,,,,,,
greater_iran_desc;随着波斯，呼罗珊，河中，美索不达米亚的征\n服，我们的王朝恢复了居鲁士大帝的疆域。波\n斯帝国万岁！万王之王万岁！;;;;;;;;;;;;x,,,,,,
greater_iran_title;万王之王;;;;;;;;;;;x,,,,,,
macedi_idea_2_desc;亚历山大大帝曾经征服了从雅典到印度的辽阔\n土地。随着我们的崛起，再现亚历山大帝国的\n辉煌将不再只是梦想。当然，我们先要从小亚\n细亚着手。;;;;;;;;;;;;x,,,,,,
macedi_idea_2_title;重建亚历山大帝国;;;;;;;;;;;x,,,,,,
megali_idea_desc;梅加利理念旨在建立一个包含所有希腊少数民\n族的大希腊国家。这需要我们征服西海岸和小\n亚细亚。;;;;;;;;;;;;x,,,,,,
megali_idea_title;梅加利理念;;;;;;;;;;;x,,,,,,
merge_the_crowns_ari_desc;几个世纪以来，我们在亚平宁半岛建立了稳固\n的统治。我们现在已经足够强大，加冕意大利\n国王，建立阿拉贡意大利二元君主国吧！当然，\n欧洲列强可能无法接受现实...;;;;;;;;;;;;x,,,,,,
merge_the_crowns_ari_title;阿意联合;;;;;;;;;;;x,,,,,,
NORMAL_WAR_CHINESE_USURPER_ANNEX;$ORDER$ $FIRST$ 吞并 $SECOND_COUNTRY$ 之战;;;;;;;;;;;;x,,,,,,
NORMAL_WAR_CHINESE_USURPER_STATE;$ORDER$ $FIRST$ 从 $SECOND_COUNTRY$ 收复 $STATE$ 之战;;;;;;;;;;;x,,,,,,
restore_macedonia_desc;在古典时期，马其顿曾经统治过希腊。现在，\n我们可以再次征服希腊，重建腓力的马其顿帝\n国。;;;;;;;;;;x,,,,,,
restore_macedonia_title;恢复马其顿的统治;;;;;;;;;;;x,,,,,,
restore_rashids_desc;在19世纪的前20年里，沙特的征服给阿拉伯半\n岛带来了无尽的战乱。1821年哈伊勒失陷，拉\n希德皇室被迫逃往哈桑。但事实证明，拉希德\n联合各部族的努力没有白费，真主保佑，让我\n们永远统治阿拉伯。;;;;;;;;;;;;x,,,,,,
restore_rashids_title;恢复拉希德皇室;;;;;;;;;;;x,,,,,,
return_home_BTV_desc;非洲的荒原是那么的无情，野蛮的土著是那么\n的残酷。但血与汗终究没有白费，我们不仅建\n立起了自由强大的巴达维亚，还把我们的同胞\n从勃艮第人的暴政中拯救了出来。今天，我们\n庄严宣布，所有荷兰人将永享自由！;;;;;;;;;;;;x,,,,,,
return_home_BTV_title;荷兰万岁;;;;;;;;;;;x,,,,,,
return_home_NAN_desc;背井离乡几个世纪后，我们终于赶走了诺曼侵\n略者，完成了父辈的梦想，光复英格兰！;;;;;;;;;;;;x,,,,,,
return_home_NAN_title;英格兰万岁;;;;;;;;;;;x,,,,,,
second_power;次强;;;;;;;;;;;x,,,,,,
to_north_desc;为了对抗强大的奥斯曼土耳其帝国，我们必须摒弃仇恨，联合东方的邻居：保加利亚。在这面旗帜下，我们必将把土耳其人赶出巴尔干半岛！;;;;;;;;;;;;x,,,,,,
to_north_title;联合保加利亚;;;;;;;;;;;x,,,,,,
unite_arabia_desc;我们已经驱除了外来侵略者，统一了整个阿拉伯半岛。\n以真主之名，让我们永远统治这片圣土。;;;;;;;;;;;;x,,,,,,
unite_arabia_title;真正的哈里发;;;;;;;;;;;x,,,,,,
unite_ethiopia_1_desc;王子时代是埃塞尔比亚历史上混乱的一页：军\n阀混战，宗教纷争迭起，社会、文化沦丧。我\n们有幸终结这一乱世，带领人民走向光明的未\n来！;;;;;;;;;;;;x,,,,,,
unite_ethiopia_1_title;所罗门王朝的宝座;;;;;;;;;;;x,,,,,,
unite_ethiopia_2_desc;王子时代是埃塞尔比亚历史上混乱的一页：军\n阀混战，宗教纷争迭起，社会、文化沦丧。我\n们有幸终结这一乱世，带领人民走向光明的未\n来！;;;;;;;;;;;;x,,,,,,
unite_ethiopia_2_title;叛乱的终结;;;;;;;;;;;x,,,,,,
unite_ethiopia_3_desc;作为所罗门王朝的一支，我们奥罗莫一族被流放了200年之久。如今，我们将恢复正当的统治。;;;;;;;;;;;;x,,,,,,
unite_ethiopia_3_title;重夺帝位;;;;;;;;;;;x,,,,,,
unite_ethiopia_4_desc;阿达尔的大将军伊玛目艾哈迈德・伊本・易卜\n拉欣・阿尔加齐曾经领导索马里人民击败埃塞\n俄比亚统治者，并占领了3/4的埃塞俄比亚，\n但是可恶的白皮肤魔鬼用地狱之火击败了他。\n今天，我们再次站在了贡德尔的城门前，完成\n了他的复仇。;;;;;;;;;;;;x,,,,,,
unite_ethiopia_4_title;重建阿达尔苏丹国;;;;;;;;;;x;,,,,,,
unite_livonia_desc;经历了几个世纪的奴役，波罗的海人民再次团结在我\n们的旗帜下。让我们成立立窝尼亚联邦，波罗的海人\n民万岁!;;;;;;;;;;;x;,,,,,,
unite_livonia_title;立窝尼亚联邦;;;;;;;;;;x;,,,,,,
malacca_treaty_BRG_title;接受马六甲协约;;;;;;;;;;;x,,,,,,
malacca_treaty_BRG_desc;随着马六甲国力的增长，我们在当地的殖民地\n岌岌可危。归还殖民地可以大大减少我们在东\n印度的麻烦，改善我们和马六甲的关系。;;;;;;;;;;;;x,,,,,,
malacca_treaty_SCA_title;接受马六甲协约;;;;;;;;;;;x,,,,,,
malacca_treaty_SCA_desc;随着马六甲国力的增长，我们在当地的殖民地\n岌岌可危。归还殖民地可以大大减少我们在东\n印度的麻烦，改善我们和马六甲的关系。;;;;;;;;;;;;x,,,,,,
decline_malacca_treaty_title;拒绝马六甲协约;;;;;;;;;;;x,,,,,,
decline_malacca_treaty_desc;不管当地局势如何，我们不会轻易放弃在马来\n西亚的殖民地。他们的好恶不在我们的考虑范\n围。;;;;;;;;;;;;x,,,,,,
annex_africa;瓜分非洲;;;;;;;;;;;;;x,,,,,,
conquest_2_desc;根据柏林会议的约定建立殖民统治。;;;;;;;;;;;;;x,,,,,,
unifwar_short;根据柏林会议的约定，在 $RECIPIENT$ 建立殖民统治。;;;;;;;;;;;;;x,,,,,,
EVTNAME333000;西方霸主;;;;;;;;;;;;;x,,,,,,
EVTDESC333000;本世纪末，新帝国主义时期，欧洲将9,0,000平\n方英里(23,0,000 平方千米)约占全球1/5的陆\n地纳入自己的殖民地。如今我们的领主要求吞并\n我们的土地。;;;;;;;;;;;;;x,,
EVTOPTA333000;有什么可拒绝的呢？;;;;;;;;;;;;;x,,,,,,
EVTNAME333001;瓜分非洲;;;;;;;;;;;;;x,,,,,,
EVTDESC333001;瓜分非洲是列强在19世纪末20世纪初对非洲的一系\n列侵略、攻击、占领、吞并。19世纪后期，欧洲各\n国关系之间关系高度紧张，瓜分非洲被看做消除欧\n洲全面战争威胁的有效途径。19世纪兴起的优生学\n、帝国主义等新思想也促进了扩张的进行。;;;;;;;;;;;;;x,,,,,,
EVTOPTA333001;以议程之名;;;;;;;;;;;;;x,,,,,,
EVTNAME333002;$CAPITAL$ 会议;;;;;;;;;;;;;x,,,,,,
EVTDESC333002;$YEAR$ 年的 $CAPITAL$ 会议制定了新帝国主义时\n期的殖民和贸易规则，这些举动一般被视为对瓜分\n非洲的正规化。这次会议开启了欧洲列强对非洲的\n大规模殖民活动，开始消灭非洲现有政权。;;;;;;;;;;;;;x,,,,,,
EVTOPTA333002;让我们为黑色大陆带来光明吧！;;;;;;;;;;;;;x,,,,,,
EVTNAME19801;封建社会;;;;;;;;;;;;x;,,,,,,
EVTDESC19801;西方的封建一词源于拉丁文，描述了一系列政\n治、军事传统。在弗朗西奥斯-路易斯-甘绍夫\n(1944)的经典定义中，封建描述了一系列围绕\n着领主封臣封地三个概念形成的法律和军事义\n务。而马克布劳赫的定义更加宽泛，包括了骑\n士和农奴庄园制度甚至整个封建社会。由于多\n种定义和看法，封建已经被剥离了具体意义，\n不再被当做有效的描述社会的手段。;;;;;;;;;;;;x;,,,,,,
EVTOPTA19801;为了国家的安定。;;;;;;;;;;;;x;,,,,,,
EVTNAME19802;西方影响;;;;;;;;;;;;x;,,,,,,
EVTDESC19802;我们成功地剪除了贵族在政府中的势力，您的统治现在不可动摇了。;;;;;;;;;;;;x;,,,,,,
EVTOPTA19802;朕即国家!;;;;;;;;;;;;x;,,,,,,
feudal;封建系统;;;;;;;;;;;;x;,,,,,,
desc_feudal;西方的封建一词源于拉丁文，描述了一系列政\n治、军事传统。在弗朗西奥斯-路易斯-甘绍夫\n(1944)的经典定义中，封建描述了一系列围绕\n着领主封臣封地三个概念形成的法律和军事义\n务。而马克布劳赫的定义更加宽泛，包括了骑\n士和农奴庄园制度甚至整个封建社会。由于多\n种定义和看法，封建已经被剥离了具体意义，\n不再被当做有效的描述社会的手段。;;;;;;;;;;;;x;,,,,,,
letatcestmoi_title;朕即国家!;;;;;;;;;;;;x;,,,,,,
letatcestmoi_desc;我们成功地剪除了贵族在政府中的势力，\n您的统治现在不可动摇了。;;;;;;;;;;;;x;,,,,,,
desc_loosee;我们的首都被敌人占领了！;;;;;;;;;;;;x;,,,,,,
loosee;首都沦陷;;;;;;;;;;;;x;,,,,,,
EVTNAME32400;首都沦陷!;;;;;;;;;;;;x;,,,,,,
EVTDESC32400;我们的首都落入了敌手，必须在民众失去信心前将它夺回来。;;;;;;;;;;;;x;,,,,,,
EVTOPTA32400;我们会卷土重来的!;;;;;;;;;;;;x;,,,,,,
EVTNAME32401;光复首都;;;;;;;;;;;;x;,,,,,,
EVTDESC32401;我们成功地夺回了首都的控制权。;;;;;;;;;;;;x;,,,,,,
EVTOPTA32401;终于;;;;;;;;;;;;x;,,,,,,
feudal_monarchy;封建君主制;;;;;;;;;;;;x;,,,,,,
feudal_monarchy_ruler;陛下;;;;;;;;;;;;x;,,,,,,
EVTOPTA32301;但愿如此;;;;;;;;;;;;x;,,,,,,
EVTNAME191900;逃离哥本哈根;;;;;;;;;;;;x;,,,,,,
EVTDESC191900;我们的首都正处在非常不利的位置，我们应该考虑迁都了。;;;;;;;;;;;;x;,,,,,,
EVTOPTA191900;这只是权宜之计...;;;;;;;;;;;;x;,,,,,,
the_art_of_war_title;战争的艺术;;;;;;;;;;;;x;,,,,,,
the_art_of_war_desc;随着小型武器变得更易使用，国家开始抛弃完\n全对职业军队的依赖。技术革新和工业化对战\n争的影响越来越大，萨多瓦会战就是这一变化\n的典型体现。;;;;;;;;;;;;x;,,,,,,
the_art_of_diplomacy_title;外交的艺术;;;;;;;;;;;;x;,,,,,,
the_art_of_diplomacy_desc;外交是不同国家群体间进行沟通的艺术和实践\n活动，一般是由职业外交官就和平、战争、贸\n易、经济、文化、环境和人权问题进行交涉和\n仲裁，也包括国际条约的制定和签署。;;;;;;;;;;;;x;,,,,,,
the_art_of_science_title;科学的艺术;;;;;;;;;;;;x;,,,,,,
the_art_of_science_desc;科学革命确立了科学作为知识增长本源的地位。\n在19世纪，科学探索、实践活动变得职业化和制\n度化，并延续到20世纪。科学知识的重要性使得\n它与国家职能的方方面面相结合。;;;;;;;;;;;;x;,,,,,,
the_art_of_business_title;商业的艺术;;;;;;;;;;;;x;,,,,,,
the_art_of_business_desc;商业是法律承认的立足于提供商品、服务以换\n取金钱的组织。在资本主义经济中大多数商业\n是私有的并以追求利润为目的。;;;;;;;;;;;;x;,,,,,,
westernizing_2_title;接受西方影响;;;;;;;;;;;;x;,,,,,,
westernizing_2_desc;我们的国家正受到越来越多的西方现代文明的冲击，在现代\n科技、工业与军事方面我们长久以来的传统经验几乎毫无用\n武之地。西方文明的影响已经渗透到了国内的每个角落，每\n个人的心中。现在我们的命运掌握在我们自己手中。唯一能\n阻止西方潮流继续蔓延下去方法就是变得和他们一样。;;;;;;;;;;;;x;,,,,,,
just_civilized;新近开化;;;;;;;;;;;;x;,,,,,,
desc_just_civilized;开化给我们的政治和社会结构带来了极大的改\n变变化，从摆脱封建社会到建立资本经济也给\n我们打下了西方的烙印。;;;;;;;;;;;;x;,,,,,,
desc_the_art_of_war;随着小型武器变得更易使用，国家开始抛弃完\n全对职业军队的依赖。技术革新和工业化对战\n争的影响越来越大，萨多瓦会战就是这一变化\n的典型体现。;;;;;;;;;;;;x;,,,,,,
desc_the_art_of_diplomacy;外交是不同国家群体间进行沟通的艺术和实践\n活动，一般是由职业外交官就和平、战争、贸\n易、经济、文化、环境和人权问题进行交涉和\n仲裁，也包括国际条约的制定和签署。;;;;;;;;;;;;x;,,,,,,
desc_the_art_of_science;科学革命确立了科学作为知识增长本源的地位。\n在19世纪，科学探索、实践活动变得职业化和制\n度化，并延续到20世纪。科学知识的重要性使得\n它与国家职能的方方面面相结合。;;;;;;;;;;;;x;,,,,,,
desc_the_art_of_business;商业是法律承认的立足于提供商品、服务以换\n取金钱的组织。在资本主义经济中大多数商业\n是私有的并以追求利润为目的。;;;;;;;;;;;;x;,,,,,,
the_art_of_war;战争的艺术;;;;;;;;;;;;x;,,,,,,
the_art_of_diplomacy;外交的艺术;;;;;;;;;;;;x;,,,,,,
the_art_of_science;科学的艺术;;;;;;;;;;;;x;,,,,,,
the_art_of_business;商业的艺术;;;;;;;;;;;;x;,,,,,,
form_england_title;英王宝座;;;;;;;;;;;;x;,,,,,,
form_england_desc;在黑暗的中世纪，凯尔特不列颠人被盎格鲁萨克森人\n逐渐赶出了英格兰，蜷缩在威尔士。百年战争的胜利\n后，英格兰越来越法兰西化了。1587年，语言法案宣\n布法语为联合王国的官方语言。威尔士因此爆发了大\n规模的起义，一直持续到1601年卡那封堡垒被攻破。\n从那时起，威尔士人一直与法兰西人对抗。现在，我\n们的机会来了，让我们恢复亚瑟王的国家，统治我们\n世代居住的土地。;;;;;;;;;;;;x;,,,,,,
claim_wales_title;合并威尔士;;;;;;;;;;;;x;,,,,,,
claim_wales_desc;英王爱德华一世在1282年时征服了威尔士，但英格兰\n和威尔士的联系却在金雀花王朝的统治下逐渐削弱了\n。现在，我们重新统治威尔士的机会来了。;;;;;;;;;;;;x;,,,,,,
create_british_empire_title;通过联合法案;;;;;;;;;;;;x;,,,,,,
create_british_empire_desc;我们的最终目标是建立包括英格兰、威尔士、苏\n格兰、爱尔兰的大不列颠和爱尔兰联合王国。我\n们的地缘优势明显，或许一支强大的皇家舰队能\n够帮助我们控制海洋，进军世界。现在我们来唱\n一首新的赞美诗――统治一切吧，不列颠！;;;;;;;;;;;;x;,,,,,,
EVTNAME32301;人民的意志;;;;;;;;;;;;x;,,,,,,
EVTNAME32302;暴政下的和平;;;;;;;;;;;;x;,,,,,,
EVTNAME32303;资产阶级政变;;;;;;;;;;;;x;,,,,,,
EVTNAME32304;你代表不了议会;;;;;;;;;;;;x;,,,,,,
EVTDESC32301;在上议院的选举中，共产主义者获得了多数席位，\n他们已经准备好接管整个国家了。我们将有一个无\n产阶级专政的议会，共产主义领导下的集中式官僚\n体制。社会中的一切异己将被清洗，包括教会势力\n。马克思列宁主义和社会主义思潮将渗透进我们文\n化和知识的方方面面。教育系统将由国家管制。私\n有制将被消灭，取而代之的是完全的计划经济。;;;;;;;;;;;;x;,,,,,,
EVTDESC32302;在上议院的选举中，共产主义者获得了多数席位，\n他们已经准备好接管整个国家了。我们将有一个无\n产阶级专政的议会，共产主义领导下的集中式官僚\n体制。社会中的一切异己将被清洗，包括教会势力\n。马克思列宁主义和社会主义思潮将渗透进我们文\n化和知识的方方面面。教育系统将由国家管制。私\n有制将被消灭，取而代之的是完全的计划经济。;;;;;;;;;;;;x;,,,,,,
EVTDESC32303;在上议院的选举中，共产主义者获得了多数席位，\n他们已经准备好接管整个国家了。我们将有一个无\n产阶级专政的议会，共产主义领导下的集中式官僚\n体制。社会中的一切异己将被清洗，包括教会势力\n。马克思列宁主义和社会主义思潮将渗透进我们文\n化和知识的方方面面。教育系统将由国家管制。私\n有制将被消灭，取而代之的是完全的计划经济。;;;;;;;;;;;;x;,,,,,,
EVTDESC32304;在上议院的选举中，共产主义者获得了多数席位，\n他们已经准备好接管整个国家了。我们将有一个无\n产阶级专政的议会，共产主义领导下的集中式官僚\n体制。社会中的一切异己将被清洗，包括教会势力\n。马克思列宁主义和社会主义思潮将渗透进我们文\n化和知识的方方面面。教育系统将由国家管制。私\n有制将被消灭，取而代之的是完全的计划经济。;;;;;;;;;;;;x;,,,,,,
restore_valois_italy_title;恢复对意大利的统治;;;;;;;;;;;;x;,,,,,,
challenge_usurpers_title;重启法国王座战争;;;;;;;;;;;;x;,,,,,,
restore_valois_italy_desc;百年战争的失败导致瓦罗瓦王室的领地一一被吞并，\n只剩下了普罗旺斯。然而有效地联姻政策使它迅速控\n制了托斯卡和费拉拉。这不只打破了归尔甫派与吉伯\n林派间的平衡，更被视为对阿拉贡王冠的挑衅。瓦罗\n瓦联合（普罗旺斯、热那亚、托斯卡、费拉拉）与那\n不勒斯同盟（阿拉贡、教皇国、米兰）间爆发了战争\n，最终，瓦罗瓦王室的势力被赶出了意大利，阿拉贡\n吞并了科西嘉，完全垄断了西地中海贸易，热那亚共\n和国走向了衰落。;;;;;;;;;;;;x;,,,,,,
challenge_usurpers_desc;百年战争的失败导致瓦罗瓦王室的领地一一被吞并，\n只剩下了普罗旺斯。然而在我们的扩张政策下，普罗\n旺斯变得足够强大，让我们赶走英格兰侵略者吧。;;;;;;;;;;;;x;,,,,,,
empire_inca_title;太阳帝国;;;;;;;;;;;;x;,,,,,,
empire_inca_desc;感谢太阳神！我们英勇的军队击败了最后的入侵者，\n让我们重回家园。现在是时候了，让西班牙入侵者也\n尝尝枪炮的厉害，让愤怒之潮冲过他们的土地。;;;;;;;;;;;;x;,,,,,,
create_rossian_empire_title;俄罗斯万岁;;;;;;;;;;;;x;,,,,,,
create_rossian_empire_desc;建立神圣俄罗斯帝国，指引我们走向昔日的光荣。;;;;;;;;;;;;x;,,,,,,
tanzimat_reforms_1_title;实施坦齐马特改革;;;;;;;;;;;;x;,,,,,,
tanzimat_reforms_1_desc;“坦齐马特”土耳其语意为“重组”，是奥斯曼政府19世纪\n后半叶制定的一系列改革措施，用来抵消帝国广大而多样的\n少数民族中间兴起的民族主义浪潮。改革者旨在把多种多样\n的人口整合在“奥斯曼民族主义”的共同旗帜下，将奥斯曼\n政府改进为当时国内许多谋求建立基于单一民族的民族国家\n的激进少数民族的另一个选择，并准许增加政府中的少数民\n族代表和自治权。;;;;;;;;;;;;x;,,,,,,
tanzimat_reforms_2_title;深化坦齐马特改革;;;;;;;;;;;;x;,,,,,,
tanzimat_reforms_2_desc;“坦齐马特”土耳其语意为“重组”，是奥斯曼政府19世纪\n后半叶制定的一系列改革措施，用来抵消帝国广大而多样的\n少数民族中间兴起的民族主义浪潮。改革者旨在把多种多样\n的人口整合在“奥斯曼民族主义”的共同旗帜下，将奥斯曼\n政府改进为当时国内许多谋求建立基于单一民族的民族国家\n的激进少数民族的另一个选择，并准许增加政府中的少数民\n族代表和自治权。;;;;;;;;;;;;x;,,,,,,
claim_ethiopia_title;影响阿比西尼亚;;;;;;;;;;;;x;,,,,,,
claim_ethiopia_desc;我们的帝国从大马士革延伸到的黎波里，从耶路撒冷\n延伸到麦加，从利雅得延伸到开罗。发挥我们强大的\n影响力，完成丰吉苏丹没能完成的征服。;;;;;;;;;;;;x;,,,,,,
move_capital_to_cairo_title;迁都开罗;;;;;;;;;;;;x;,,,,,,
move_capital_to_cairo_desc;从 969 年 开始，开罗便是穆斯林世界的政治中心，\n经历了法蒂玛、阿尤布、马穆鲁克这些辉煌的王朝，\n直到16世纪奥斯曼的兴起。让我们迁都开罗，带给这\n古老城市新的辉煌。;;;;;;;;;;;;x;,,,,,,
EVTNAME19800;西方影响;;;;;;;;;;;;x;,,,,,,
EVTDESC19800;停下，你已经触犯了法律！\n这个事件是最高机密，只有AI可以看到！\n你可以选择缴纳罚款或者在这里蹲监狱。;;;;;;;;;;;;x;,,,,,,
EVTOPTA19800;随他去吧;;;;;;;;;;;;x;,,,,,,
EVTNAME334200;朝鲜战争;;;;;;;;;;;;x;,,,,,,
EVTDESC334200;李氏王朝利用日本内战的机会企图恢复对朝鲜的统治。\n在当地朝鲜人的支持下，他们控制了 $PROVINCE$ 。;;;;;;;;;;;;x;,,,,,,
EVTOPTA334200;继续进军!;;;;;;;;;;;;x;,,,,,,
EVTNAME334201;戊辰战争;;;;;;;;;;;;x;,,,,,,
EVTDESC334201;戊辰战争是公元1835年(译者注：这一年实际\n是乙未年)-1838年，在王政复古中成立的明治\n新政府平定足利幕府势力的日本历史上的一次\n内战。战争源于地方大名对于日本近年来开放\n导致的西方影响和废除汉制的不满，统治着北\n部尤其是江户和长岗地区的大名联合起来反对\n明治天皇收回权力。末代将军足利氏(译者\n注：此人实际生于1857年)意识到这是夺回权\n力的最后机会，他利用地方大名、守护对维新\n的不满建立了对抗京都的强大同盟。;;;;;;;;;;;;x;,,,,,,
EVTOPTA334201;扩大冲突;;;;;;;;;;;;x;,,,,,,
EVTNAME334202;戊辰战争;;;;;;;;;;;;x;,,,,,,
EVTDESC334202;戊辰战争是公元1835年(译者注：这一年实际\n是乙未年)-1838年，在王政复古中成立的明治\n新政府平定足利幕府势力的日本历史上的一次\n内战。李氏王朝利用日本内战的机会企图恢复\n对朝鲜的统治。在当地朝鲜人的支持下，他们\n控制了大量领土，组织起力量抵抗天皇和幕府。;;;;;;;;;;;;x;,,,,,,
EVTOPTA334202;扩大冲突;;;;;;;;;;;;x;,,,,,,
EVTNAME334203;戊辰战争;;;;;;;;;;;;x;,,,,,,
EVTDESC334203;戊辰战争是公元1835年(译者注：这一年实际\n是乙未年)-1838年，在王政复古中成立的明治\n新政府平定足利幕府势力的日本历史上的一次\n内战。李氏王朝利用日本内战的机会企图恢复\n对朝鲜的统治。在当地朝鲜人的支持下，他们\n控制了大量领土，组织起力量抵抗天皇和幕府。;;;;;;;;;;;;x;,,,,,,
EVTOPTA334203;扩大冲突;;;;;;;;;;;;x;,,,,,,
EVTNAME334204;京都陷落;;;;;;;;;;;;x;,,,,,,
EVTDESC334204;$YEAR$ 年 $MONTH$ 月，京都陷落。\n象征天皇的一切，落入了幕府势力手中。;;;;;;;;;;;;x;,,,,,,
EVTOPTA334204;胜利在望!;;;;;;;;;;;;x;,,,,,,
EVTNAME334205;京都陷落;;;;;;;;;;;;x;,,,,,,
EVTDESC334205;$YEAR$ 年 $MONTH$ 月，京都陷落。\n天皇的支持者夺回了象征天皇的一切。;;;;;;;;;;;;x;,,,,,,
EVTOPTA334205;胜利在望!;;;;;;;;;;;;x;,,,,,,
EVTNAME334206;内战胜利!;;;;;;;;;;;;x;,,,,,,
EVTDESC334206;我们成功消灭了幕府势力所有的残余，控制了日本本土。\n戊辰战争结束了，我们的统治将带给日本长久的繁荣和和\n平。;;;;;;;;;;;;x;,,,,,,
EVTOPTA334206;帝国万岁!;;;;;;;;;;;;x;,,,,,,
EVTNAME334207;内战胜利!;;;;;;;;;;;;x;,,,,,,
EVTDESC334207;我们成功消灭了天皇势力所有的残余，控制了日本本土。\n戊辰战争结束了，我们的统治将带给日本长久的繁荣和和\n平。;;;;;;;;;;;;x;,,,,,,
EVTOPTA334207;将军万岁!;;;;;;;;;;;;x;,,,,,,
EVTNAME334208;新首都;;;;;;;;;;;;x;,,,,,,
EVTDESC334208;内战终于结束了，是时候考虑如何组建新政府。\n我们的国家将何去何从？;;;;;;;;;;;;x;,,,,,,
EVTOPTA334208;传统;;;;;;;;;;;;x;,,,,,,
EVTOPTB334208;稳定;;;;;;;;;;;;x;,,,,,,
EVTOPTC334208;革新;;;;;;;;;;;;x;,,,,,,
EVTNAME334209;祖国的召唤;;;;;;;;;;;;x;,,,,,,
EVTDESC334209;在内战开始时，中央将海外殖民地的控制交给\n了当地政府。如今，内战结束了，中央要求我\n们重新归入帝国统治。;;;;;;;;;;;;x;,,,,,,
EVTOPTA334209;有什么可拒绝的呢？;;;;;;;;;;;;x;,,,,,,
EVTOPTB334209;我们为独立而骄傲。;;;;;;;;;;;;x;,,,,,,
EVTNAME334210;祖国的召唤;;;;;;;;;;;;x;,,,,,,
EVTDESC334210;在内战开始时，中央将海外殖民地的控制交给\n了当地政府。如今，内战结束了，中央要求我\n们重新归入帝国统治。;;;;;;;;;;;;x;,,,,,,
EVTOPTA334210;有什么可拒绝的呢？;;;;;;;;;;;;x;,,,,,,
EVTOPTB334210;我们为独立而骄傲。;;;;;;;;;;;;x;,,,,,,
EVTNAME334211;统一;;;;;;;;;;;;x;,,,,,,
EVTDESC334211;最后的程序结束了，帝国将在您的治下永远辉煌。;;;;;;;;;;;;x;,,,,,,
EVTOPTA334211;为了帝国;;;;;;;;;;;;x;,,,,,,
EVTNAME66898;帕查库提二世即位;;;;;;;;;;x;,,,,,,
EVTNAME66899;帕查库提二世教育改革;;;;;;;;;;x;,,,,,,
EVTNAME66900;库斯科的同胞;;;;;;;;;;x;,,,,,,
EVTNAME66901;奇楚亚叛乱;;;;;;;;;;x;,,,,,,
EVTOPTA66898;向帕查库提致敬;;;;;;;;;;;;x;,,,,,,
EVTOPTA66899;太棒了;;;;;;;;;;;;x;,,,,,,
EVTOPTA66900;致以美好的祝愿;;;;;;;;;;;;x;,,,,,,
EVTOPTA66901;允许野蛮人加入他们梦想的帝国;;;;;;;;;;;;x;,,,,,,
EVTOPTB66901;我们的领土不可侵犯，向野蛮人开战！;;;;;;;;;;;;x;,,,,,,
EVTDESC66898; $YEAR$ 年，皇帝乌斯科-印加已经到达了主政的年龄。\n他的第一道命令就是按照帝国的建立者帕查库提的名字\n为自己改名为帕查库提二世。然后他广泛接受西方技术\n和政治理念，为帝国立宪法，广开工程建设。我们幸运\n地拥有一个能够带领我们重获辉煌的皇帝。向帕查库提\n二世致敬！;;;;;;;;;;;;x;,,,,,,
EVTDESC66899;帕查库提二世最重要的遗产是对印加教育系统的大改革。\n他改变了印加以往的家庭教育和结绳记事的方式，使用奇\n楚亚字母建立了书写系统，建立西式学校，引入了西方的\n科学技术。;;;;;;;;;;;;x;,,,,,,
EVTDESC66901;帕查库提二世执政以来，库斯科和阿雷基帕的\n奇楚亚人渴望重回印加帝国统治下。在无数的\n情愿被忽视后他们已经开始准备起义了。库斯\n科是他们曾经的首都，我们恐怕很难保住这些\n领土。如果镇压起义，逐渐强大的印加帝国很\n有可能进行干涉。不如现在就将土地和平的转\n交给他们。;;;;;;;;;;;;x;,,,,,,
EVTDESC66902;帕查库提二世执政以来，库斯科和阿雷基帕的\n奇楚亚人渴望重回印加帝国统治下。在无数的\n情愿被忽视后他们已经开始准备起义了。库斯\n科是他们曾经的首都，我们恐怕很难保住这些\n领土。如果镇压起义，逐渐强大的印加帝国很\n有可能进行干涉。不如现在就将土地和平的转\n交给他们。;;;;;;;;;;;;x;,,,,,,
transcribing_quipu;帕查库提二世教育改革;;;;;;;;;;;;x;,,,,,,
pachacuti_reforms;帕查库提二世的遗产;;;;;;;;;;;;x;,,,,,,
empire_del_inca;塔万廷苏约的重生;;;;;;;;;;;;x;,,,,,,
empire_inca_2_title;塔万廷苏约的重生;;;;;;;;;;;;x;,,,,,,
empire_inca_2_desc;我们已经将入侵者远远赶出了帝国的统治范围。\n就算是帕查库提也会为此感到骄傲。现在该考虑\n重新整合我们的民族。;;;;;;;;;;;;x;,,,,,,
reclaim_granada_title;把野蛮人赶出格兰纳达;;;;;;;;;;;;x;,,,,,,
reclaim_granada_desc;我们一边又一遍地被印加野蛮人羞辱，已经\n丢失了一半的国土！现在，他们的恶行将受\n到惩罚，把他们赶出我们的国家！;;;;;;;;;;;;x;,,,,,,
build_panama_canal_title;建造安达哥亚运河;;;;;;;;;;;x;,,,,,,
build_panama_canal_desc;修筑这条大运河的建议可以追溯到这片地区第一次被发现的\n时刻，整个阿卡迪亚和亚美利加就属这里最为狭长，借助于\n现代工程学在这里建设一条运河，我们能够将大西洋到太平\n洋的航程缩短数天。;;;;;;;;;;;x;,,,,,,
CANAL_3;安达哥亚运河;;;;;;;;;;x;,,,,,,
roma_capital_title;迁都罗马;;;;;;;;;;;;x;,,,,,,
roma_capital_desc;我们成功地控制了罗马城。在您的英明领导\n下，我们的国家已经不可阻挡。;;;;;;;;;;;;x;,,,,,,
form_UAR_title;联合所有阿拉伯国家;;;;;;;;;;;;x;,,,,,,
form_UAR_desc;经受了奥斯曼的长期压迫，阿拉伯人终于再次\n联合到一起，对抗穆斯林共同的敌人。;;;;;;;;;;;;x;,,,,,,
colombian_empire_from_title;加冕哥伦比亚皇帝;;;;;;;;;;;;x;,,,,,,
colombian_empire_from_desc;玻利瓦尔建立统一国家的尝试在安达哥亚会议中\n被强大的分离主义势力抛弃了。民族主义者的掌\n权一定程度上稳定了大哥伦比亚的局势。如果你\n想要重新统治非墨西哥人的土地，成为哥伦比亚\n皇帝是最好的选择。;;;;;;;;;;;;x;,,,,,,
embrace_colombian_unity_title;哥伦比亚大联合;;;;;;;;;;;;x;,,,,,,
embrace_colombian_unity_desc;在您的英明领导下，帝国走向了繁荣。\n现在，您可以重组议会，让所有哥伦比\n亚人享有民主和自由。;;;;;;;;;;;;x;,,,,,,
EVTNAME46430;墨西哥会议的成功;;;;;;;;;;;;x;,,,,,,
EVTDESC46430;陛下！来自各地的特使达成了共识，我们将再次\n建立帝国议会！他们承认您是帝国的唯一合法统\n治者。现在，没有什么可以阻止我们了！;;;;;;;;;;;;x;,,,,,,
EVTOPTA46430;终于！;;;;;;;;;;;;x;,,,,,,
EVTNAME46431;墨西哥会议的妥协;;;;;;;;;;;;x;,,,,,,
EVTDESC46431;陛下！来自各地的特使达成了共识，我们将再次\n建立帝国议会！但他们要求您退位以地方代表的\n身份参加议会。;;;;;;;;;;;;x;,,,,,,
EVTOPTA46431;为了我们的国家！;;;;;;;;;;;;x;,,,,,,
EVTOPTB46431;他们竟敢如此！;;;;;;;;;;;;x;,,,,,,
EVTNAME46432;墨西哥会议的失败;;;;;;;;;;;;x;,,,,,,
EVTDESC46432;陛下！来自各地的特使未能达成共识，我们\n无法将建立帝国议会！他们宣布大哥伦比亚\n和您的统治不合法，要求广泛的民主。;;;;;;;;;;;;x;,,,,,,
EVTOPTA46432;历史重演了。;;;;;;;;;;;;x;,,,,,,
EVTNAME333110;阿玛察;;;;;;;;;;;;x;,,,,,,
EVTDESC333110;以皇帝之名! 我们击败了叛乱分子!;;;;;;;;;;;;x;,,,,,,
EVTOPTA333110;很好;;;;;;;;;;;;x;,,,,,,
EVTNAME222110;忍辱负重;;;;;;;;;;;;x;,,,,,,
EVTDESC222110;这是王国最为黯淡的时期，我们在伊比利亚的领土不\n断被蚕食，很快，巴塞罗那将不再安全。或许应该从\n长计议。上帝保佑我们在意大利重获辉煌。;;;;;;;;;;;;x;,,,,,,
EVTOPTA222110;我也该去打包了;;;;;;;;;;;;x;,,,,,,
EVTDESC66900;帕查库提二世执政以来，库斯科和阿雷基帕的\n奇楚亚人渴望重回印加帝国统治下。在无数的\n情愿被忽视后他们已经开始准备起义了。库斯\n科是他们曾经的首都，我们恐怕很难保住这些\n领土。如果镇压起义，逐渐强大的印加帝国很\n有可能进行干涉。不如现在就将土地和平的转\n交给他们。;;;;;;;;;;;;x;,,,,,,
EVT181500NAME;打破现状;;;;;;;;;;;;x;,,,,,,
EVT181500DESC;列强视我们为侵略者，决定武力维持现状。;;;;;;;;;;;;x;,,,,,,
EVT181500OPTA;我们不会被吓倒;;;;;;;;;;;;x;,,,,,,
EVT181501NAME;联合战争;;;;;;;;;;;;x;,,,,,,
EVT181501DESC;一个国家打破了现状。列强已经决定干涉。我们该怎么办？;;;;;;;;;;;;x;,,,,,,
EVT181501OPTA;我们是和平卫士;;;;;;;;;;;;x;,,,,,,
EVT181501OPTB;稍等?;;;;;;;;;;;x;,,,,,,
EVT181503NAME;联合战争;;;;;;;;;;;;x;,,,,,,
EVT181503DESC;又一个国家加入了对抗我们的联合战争!;;;;;;;;;;;;x;,,,,,,
EVT181503OPTA;可怕!;;;;;;;;;;;;x;,,,,,,
EVT181504NAME;联合战争结束;;;;;;;;;;;;x;,,,,,,
EVT181504DESC;联合战争结束了。;;;;;;;;;;;;x;,,,,,,
EVT181504OPTA;谢天谢地!;;;;;;;;;;;;x;,,,,,,
form_westphalia_title;成立威斯特伐利亚;;;;;;;;;;;;x;,,,,,,
form_westphalia_desc;我们控制了足够多的领土，威斯特伐利亚大公国\n才是符合我们地位的称号。;;;;;;;;;;;;x;,,,,,,
form_iberia_title;伊比利亚大联合;;;;;;;;;;;;x;,,,,,,
form_iberia_desc;从中世纪以来，统一半岛一直是伊比利亚所有\n君主的夙愿。纳瓦拉的桑乔三世和莱昂卡斯提\n尔的阿方索七世都几乎达成了这一目标，他们\n也都被称作全西班牙人的皇帝。但是随着法英\n帝国的崛起，向东扩张变得十分危险。我们也\n没有按照计划与阿拉贡联合。当我们控制了加\n泰罗尼亚地区后，形式则不同了。现在唯一的\n问题是，加泰罗尼亚人是否会接受您的统治。;;;;;;;;;;;;x;,,,,,,
EVTNAME333220;加泰罗尼亚会议;;;;;;;;;;;;x;,,,,,,
EVTDESC333220;加泰罗尼亚的领导者们聚集在巴塞罗那商讨是否\n接受您的统治。;;;;;;;;;;;;x;,,,,,,
EVTOPTA333220;静静等待;;;;;;;;;;;;x;,,,,,,
EVTOPTA44140;王朝覆灭;;;;;;;;;;;;x;,,,,,,
EVTDESC44140;明王朝在1760年的崩溃开启了中国的第二个战国时代。\n70年的战乱过后，旧明王朝的领土上仍存有5大势力――\n灰烬中重生的大明，农民起义建立起的大顺和大西，意\n图以圣战净化中华的太平天国和与西方联系密切的东宁\n。所有这些国家都宣称自己是天命所归。现在，又一个\n王朝―― 大明 覆灭了。;;;;;;;;;;;;x;,,,,,,
EVTDESC44141;明王朝在1760年的崩溃开启了中国的第二个战国时代。\n70年的战乱过后，旧明王朝的领土上仍存有5大势力――\n灰烬中重生的大明，农民起义建立起的大顺和大西，意\n图以圣战净化中华的太平天国和与西方联系密切的东宁\n。所有这些国家都宣称自己是天命所归。现在，又一个\n王朝―― 大顺 覆灭了。;;;;;;;;;;;;x;,,,,,,
EVTDESC44142;明王朝在1760年的崩溃开启了中国的第二个战国时代。\n70年的战乱过后，旧明王朝的领土上仍存有5大势力――\n灰烬中重生的大明，农民起义建立起的大顺和大西，意\n图以圣战净化中华的太平天国和与西方联系密切的东宁\n。所有这些国家都宣称自己是天命所归。现在，又一个\n王朝―― 大西 覆灭了。;;;;;;;;;;;;x;,,,,,,
EVTDESC44143;明王朝在1760年的崩溃开启了中国的第二个战国时代。\n70年的战乱过后，旧明王朝的领土上仍存有5大势力――\n灰烬中重生的大明，农民起义建立起的大顺和大西，意\n图以圣战净化中华的太平天国和与西方联系密切的东宁\n。所有这些国家都宣称自己是天命所归。现在，又一个\n王朝―― 太平天国 覆灭了。;;;;;;;;;;;;x;,,,,,,
EVTDESC44144;明王朝在1760年的崩溃开启了中国的第二个战国时代。\n70年的战乱过后，旧明王朝的领土上仍存有5大势力――\n灰烬中重生的大明，农民起义建立起的大顺和大西，意\n图以圣战净化中华的太平天国和与西方联系密切的东宁\n。所有这些国家都宣称自己是天命所归。现在，又一个\n王朝―― 东宁 覆灭了。;;;;;;;;;;;;x;,,,,,,
EVTNAME46423;天命之路;;;;;;;;;;;;x;,,,,,,
EVTDESC46423;我们刚刚获得了独立，现在国民会议将\n讨论我们该组成怎样的政府。;;;;;;;;;;;;x;,,,,,,
EVTOPTA46423;静静等待;;;;;;;;;;;;x;,,,,,,
EVTNAME46424;天命之路;;;;;;;;;;;;x;,,,,,,
EVTDESC46424;我们刚刚获得了独立，现在国民会议将\n讨论我们该组成怎样的政府。;;;;;;;;;;;;x;,,,,,,
EVTOPTA46424;静静等待;;;;;;;;;;;;x;,,,,,,
EVTNAME46422;哈利斯科危机;;;;;;;;;;;;x;,,,,,,
EVTDESC46422;陛下！哈利斯科的傻瓜们想要独立。;;;;;;;;;;;;x;,,,,,,
EVTOPTA46422;这是我们历史上最黯淡的日子!;;;;;;;;;;;;x;,,,,,,
EVTNAME32410;祖国的召唤;;;;;;;;;;;;x;,,,,,,
EVTDESC32410;俄罗斯帝国的建立指日可待，我们应该\n加入统一的潮流中吗？;;;;;;;;;;;;x;,,,,,,
EVTOPTA32410;为了祖国!;;;;;;;;;;;;x;,,,,,,
EVTOPTB32410;保持独立;;;;;;;;;;;;x;,,,,,,
form_mejico_title;统治墨西哥城;;;;;;;;;;;;x;,,,,,,
form_mejico_desc;独立战争中的节节败退让墨西哥人失去了信心。\n墨西哥还能再次崛起吗？;;;;;;;;;;;;x;,,,,,,
embrace_mexican_unity_title;墨西哥人的联合;;;;;;;;;;;;x;,,,,,,
embrace_mexican_unity_desc;我们可以抛弃大哥伦比亚的想法转而寻求民族的统一。;;;;;;;;;;;;x;,,,,,,
abolish_grc_title;抛弃大哥伦比亚;;;;;;;;;;;;x;,,,,,,
abolish_grc_desc;新世界的西班牙人国家，这个想法简直太愚蠢了，\n我们还是放弃吧。;;;;;;;;;;;;x;,,,,,,
form_usca_title;成立中美王国;;;;;;;;;;;;x;,,,,,,
form_usca_desc;中美王国，又一个大哥伦比亚的继承者失败了，\n但我们可以转而寻求自己光荣之路。;;;;;;;;;;;x;,,,,,,
unite_principalities_title;联合各公国;;;;;;;;;;;;x;,,,,,,
unite_principalities_desc;我们经历了无数的困难，现在是时候建立一个\n罗马尼亚人的国家了。我们将作为达契亚的继\n承者统治黑海。;;;;;;;;;;;;x;,,,,,,
greater_euskadia_title;大巴斯克;;;;;;;;;;;;x;,,,,,,
greater_euskadia_desc;向北方扩张可以巩固我们在比斯开湾的地位。;;;;;;;;;;;;x;,,,,,,
reform_the_grand_duchy_title;重建立陶宛大公国;;;;;;;;;;;;x;,,,,,,
reform_the_grand_duchy_desc;立陶宛大公国曾经是东欧的霸主。现在波兰衰落了，\n抓住机会，我们可以重获辉煌。;;;;;;;;;;;;x;,,,,,,
mother_russia_calling_title;为了神圣的俄罗斯!;;;;;;;;;;;;x;,,,,,,
mother_russia_calling_desc;我们应该用手中的力量为俄罗斯帝国带来荣耀。;;;;;;;;;;;;x;,,,,,,
EVTNAME125109;走狗与叛徒;;;;;;;;;;;;x;,,,,,,
EVTDESC125109;陛下！叛徒们趁乱起义。但我们有足够的能力镇压他们。;;;;;;;;;;;;x;,,,,,,
EVTOPTA125109;异端与贪婪;;;;;;;;;;;;x;,,,,,,
EVTNAME125110;阿尔巴尼亚沦陷;;;;;;;;;;;;x;,,,,,,
EVTDESC125110;我们在阿尔巴尼亚遭受了失败，现在只能承认\n他们的独立了。;;;;;;;;;;;x;,,,,,,
EVTOPTA125110;十分不幸;;;;;;;;;;;;x;,,,,,,
EVTNAME125111;重新征服阿尔巴尼亚;;;;;;;;;;;;x;,,,,,,
EVTDESC125111;陛下！我们英勇的军队夺回了阿尔巴尼亚！;;;;;;;;;;;;x;,,,,,,
EVTOPTA125111;为了真主!;;;;;;;;;;;;x;,,,,,,
EVTNAME125112;英勇的传说;;;;;;;;;;;;x;,,,,,,
EVTDESC125112;奥斯曼帝国正在瓦解，现在是我们反抗的绝佳时机！;;;;;;;;;;;;x;,,,,,,
EVTOPTA125112;我们不是豺狼;;;;;;;;;;;;x;,,,,,,
EVTOPTB125112;让他们祈求宽恕吧;;;;;;;;;;;;x;,,,,,,
EVTNAME125114;马其顿陷落;;;;;;;;;;;;x;,,,,,,
EVTDESC125114;我们在马其顿遭受了失败，现在只能承认\n他们的独立了。;;;;;;;;;;;x;,,,,,,
EVTOPTA125114;十分不幸;;;;;;;;;;;;x;,,,,,,
EVTNAME125115;马其顿陷落;;;;;;;;;;;;x;,,,,,,
EVTDESC125115;我们在马其顿遭受了失败，现在只能承认\n他们的独立了。;;;;;;;;;;;x;,,,,,,
EVTOPTA125115;十分不幸;;;;;;;;;;;;x;,,,,,,
EVTNAME125116;重新征服马其顿;;;;;;;;;;;;x;,,,,,,
EVTDESC125116;陛下！我们英勇的军队夺回了马其顿！;;;;;;;;;;;;x;,,,,,,
EVTOPTA125116;为了真主!;;;;;;;;;;;;x;,,,,,,
EVTNAME125118;库尔德人起义;;;;;;;;;;;;x;,,,,,,
EVTDESC125118;陛下！库尔德人趁乱建立了库尔德斯坦，并且\n获得了列强的承认。我们该怎么办？;;;;;;;;;;;x;,,,,,,
EVTOPTA125118;胆大包天;;;;;;;;;;;;x;,,,,,,
EVTNAME125119;库尔德斯坦陷落;;;;;;;;;;;;x;,,,,,,
EVTDESC125119;我们在库尔德斯坦遭受了失败，现在只能承认\n他们的独立了。;;;;;;;;;;;x;,,,,,,
EVTOPTA125119;十分不幸;;;;;;;;;;;;x;,,,,,,
EVTNAME125120;重新征服库尔德斯坦;;;;;;;;;;;;x;,,,,,,
EVTDESC125120;陛下！我们英勇的军队夺回了库尔德斯坦！;;;;;;;;;;;;x;,,,,,,
EVTOPTA125120;为了真主!;;;;;;;;;;;;x;,,,,,,
EVTNAME125122;埃及陷落;;;;;;;;;;;;x;,,,,,,
EVTDESC125122;我们在埃及遭受了失败，现在只能承认\n他们的独立了。;;;;;;;;;;;x;,,,,,,
EVTOPTA125122;十分不幸;;;;;;;;;;;;x;,,,,,,
EVTNAME125123;埃及陷落;;;;;;;;;;;;x;,,,,,,
EVTDESC125123;我们在埃及遭受了失败，现在只能承认\n他们的独立了。;;;;;;;;;;;x;,,,,,,
EVTOPTA125123;十分不幸;;;;;;;;;;;;x;,,,,,,
EVTNAME125124;重新征服埃及;;;;;;;;;;;;x;,,,,,,
EVTDESC125124;陛下！我们英勇的军队夺回了埃及！;;;;;;;;;;;;x;,,,,,,
EVTOPTA125124;为了真主!;;;;;;;;;;;;x;,,,,,,
EVTNAME125125;阿拉伯问题;;;;;;;;;;;;x;,,,,,,
EVTDESC125125;奥斯曼的乱局让我们有机会控制圣城。;;;;;;;;;;;;x;,,,,,,
EVTOPTA125125;他们还想拒绝?;;;;;;;;;;;;x;,,,,,,
EVTNAME125126;阿拉伯问题;;;;;;;;;;;;x;,,,,,,
EVTDESC125126;奥斯曼的乱局让我们有机会攻击汉志，控制圣城。;;;;;;;;;;;;x;,,,,,,
EVTOPTA125126;万岁!;;;;;;;;;;;;x;,,,,,,
EVTNAME125127;战争的号角;;;;;;;;;;;;x;,,,,,,
EVTDESC125127;陛下，阿尔巴尼亚总督同意与我们联合，该怎么做？;;;;;;;;;;;;x;,,,,,,
EVTOPTA125127;鲜血换来的自由;;;;;;;;;;;;x;,,,,,,
EVTOPTB125127;团结的力量;;;;;;;;;;;;x;,,,,,,
EVTNAME125128;铁与血;;;;;;;;;;;;x;,,,,,,
EVTDESC125128;现在我们控制了麦加和麦地那，继续圣战，\n我们将占领约旦！;;;;;;;;;;;;x;,,,,,,
EVTOPTA125128;让他们祈求宽恕;;;;;;;;;;;;x;,,,,,,
EVTNAME125129;黎凡特陷落;;;;;;;;;;;;x;,,,,,,
EVTDESC125129;我们在黎凡特遭受了失败，现在只能承认\n他们的独立了。;;;;;;;;;;;x;,,,,,,
EVTOPTA125129;十分不幸;;;;;;;;;;;;x;,,,,,,
EVTNAME125130;重新征服黎凡特;;;;;;;;;;;;x;,,,,,,
EVTDESC125130;陛下！我们英勇的军队夺回了黎凡特！;;;;;;;;;;;;x;,,,,,,
EVTOPTA125130;为了真主!;;;;;;;;;;;;x;,,,,,,
EVTNAME125131;叛乱的终结;;;;;;;;;;;;x;,,,,,,
EVTDESC125131;奥斯曼内战持续了近30年，它带走了许多，\n却带不走我们受到的伤害。帝国还能找回昔\n日的尊严吗？;;;;;;;;;;;;x;,,,,,,
EVTOPTA125131;永别了叛徒!;;;;;;;;;;;;x;,,,,,,
EVTNAME125132;时代的终结;;;;;;;;;;;;x;,,,,,,
EVTDESC125132;叛军进入宫殿，迅速地杀掉了所有守卫，抓住了苏丹。\n接下来，军队领袖成了苏丹最忠实的朋友和大维齐尔。\n奥斯曼土耳其的时代开始了...;;;;;;;;;;;;x;,,,,,,
EVTOPTA125132;为了奥斯曼的新生!;;;;;;;;;;;;x;,,,,,,
EVTNAME125133;伊斯坦布尔的力量;;;;;;;;;;;;x;,,,,,,
EVTDESC125133;您的决定当然是正确的，这您完全不必担心。\n您要做的就是在这里签上名字。谢谢，尊敬的\n苏丹，您简直是智慧的化身。您问我是谁？我\n只是您谦卑的仆人，或者，维齐尔？;;;;;;;;;;;x;,,,,,,
EVTOPTA125133;苏丹万岁!;;;;;;;;;;;;x;,,,,,,
reclaim_macedonia_title;夺回巴尔干诸省;;;;;;;;;;;;x;,,,,,,
reclaim_macedonia_desc;在内战中我们丢失了马其顿。但是，我们不会永远消沉。\n,,,,,,
今天，我们又站在了萨罗尼加，宣布夺回了这片属于奥斯\n曼的土地。;;;;;;;;;;;;x;,,,,,,
reclaim_kurdistan_title;夺回东部诸省;;;;;;;;;;;;x;,,,,,,
reclaim_kurdistan_desc;在内战中我们丢失了伊拉克和库尔德。但是，我们不会\n永远消沉。今天，我们又站在了巴格达，宣布夺回了这\n片属于奥斯曼的土地。;;;;;;;;;;;;x;,,,,,,
form_india_desc;从高山到大洋，沿着印度河和恒河，我们用勇气、力量\n与纪律将伟大的阿育王和笈多王朝的土地再次统一！;;;;;;;;;;;;x;,,,,,,
form_india_title;成立印度斯坦;;;;;;;;;;;;x;,,,,,,
form_dravida_desc;从印度洋到德干高原，沿着奔涌的讷尔默达河和克里希纳河，\n我们用勇气、力量与纪律将伟大的阿育王和商羯罗的土地再次\n统一！;;;;;;;;;;;;x;,,,,,,
form_dravida_title;成立达罗毗茶;;;;;;;;;;;;x;,,,,,,
form_bharata_desc;从兴都库什到斯里兰卡，沿着印度河和恒河，我们用勇气、\n力量与纪律联合起这片土地。不管叫它婆罗多、印度斯坦还\n是达罗毗茶，我们今天统一了整个南亚次大陆，这是阿育王\n以来从未完成的壮举。;;;;;;;;;;;;x;,,,,,,
form_bharata_title;成立婆罗多;;;;;;;;;;;;x;,,,,,,
form_nusantara_desc;自满者伯夷帝国崩溃以来，国家陷入了分裂。终\n于，我们再次将国民团结在同一旗帜下。我们的\n功绩将让伟大的哈奄・武禄王也感到震惊。;;;;;;;;;;;;x;,,,,,,
form_nusantara_title;成立千岛帝国;;;;;;;;;;;;x;,,,,,,
claim_greater_nusantara_desc;我们伟大的国家在扩张，他吸收了从台湾到巴\n布亚的所有同胞。是时候延续我们祖先的远航\n了。从波利尼西亚到马达加斯加，他们的足迹\n遍布整个太平洋和印度洋。将这些土地纳入我\n们仁慈的统治，这会是史无前例的。;;;;;;;;;;;;x;,,,,,,
claim_greater_nusantara_title;以千岛之名;;;;;;;;;;;;x;,,,,,,
greater_nusantara_acquired_desc;令人难以置信的扩张，半个世界匍匐在我们脚下！\n我们的强大富有让所有人嫉妒，连我们的祖先也不\n可能预见今日的成就。我们的国家无可匹敌！;;;;;;;;;;;;x;,,,,,,
greater_nusantara_acquired_title;马来的崛起!;;;;;;;;;;;;x;,,,,,,
unite_sokoto_desc;分裂的豪萨人需要英雄，他们祈求统一在我们的旗帜下。\n我们有足够的实力建立强大的索科托哈里发国吗？这将是\n萨赫勒地区有史以来最强大的国家。;;;;;;;;;;;;x;,,,,,,
unite_sokoto_title;建立哈里发国;;;;;;;;;;;;x;,,,,,,
form_franche_comte_title;成立弗朗什孔泰;;;;;;;;;;;;x;,,,,,,
form_franche_comte_desc;法兰西对于勃艮第自由州的统治是毋庸置疑的。在\n当地加大我们的影响，我们将永远统治这块土地。;;;;;;;;;;;;x;,,,,,,
treaty_of_neuchatel_title;纳沙泰尔条约;;;;;;;;;;;;x;,,,,,,
treaty_of_neuchatel_desc;我们在南部的影响力被削弱了。签订这一条约\n有助于维护国家的安全。这虽然是对我们的侮\n辱，但时间会证明这一选择的正确性。;;;;;;;;;;;;x;,,,,,,
savoi_at_last_title;宣称对萨伏伊的主权;;;;;;;;;;;;x;,,,,,,
savoi_at_last_desc;我们可以通过扶植日内瓦公国向南方扩展我们的势力。;;;;;;;;;;;;x;,,,,,,
savoi_at_last2_title;宣称对萨伏伊的主权;;;;;;;;;;;;x;,,,,,,
savoi_at_last2_desc;我们可以通过扶植日内瓦公国向南方扩展我们的势力。;;;;;;;;;;;;x;,,,,,,
the_art_of_prestige_title;西方的窗口;;;;;;;;;;;;x;,,,,,,
the_art_of_prestige_desc;在我们的城市中关于西方的讨论越来越多了。\n黑暗时代终结了，让我们迎接欧洲的启示吧。;;;;;;;;;;;;x;,,,,,,
khans_of_khazaks_title;万汗之汗;;;;;;;;;;;;x;,,,,,,
khans_of_khazaks_desc;我们的国家是所有哈萨克和乌兹别克人的骄傲。让我们在您的领导下，满载荣耀与力量，乘着雄鹰飞向光明的未来！;;;;;;;;;;;;x;,,,,,,
treaty_of_waitangi_title;怀坦吉条约;;;;;;;;;;;;x;,,,,,,
treaty_of_waitangi_desc;怀坦吉条约旨在寻求统治奥特亚罗瓦的方式。\n我们将给予毛利人足够的权利和文明的生活。;;;;;;;;;;;;x;,,,,,,
EVTNAME333004;怀坦吉条约;;;;;;;;;;;;x;,,,,,,
EVTDESC333004;欧洲人带来了一纸条约，宣称他们为了和平与财富\n而来，但我们看到的只有死亡和背叛。他们带来了\n邪恶的武器，逼迫我们互相为敌。你认为他们真的\n有诚意吗？;;;;;;;;;;;;x;,,,,,,
EVTOPTA333004;他们是寻求和平的;;;;;;;;;;;;x;,,,,,,
EVTOPTB333004;我们不是白痴!;;;;;;;;;;;;x;,,,,,,
EVTNAME333005;乌卢鲁问题;;;;;;;;;;;;x;,,,,,,
EVTDESC333005;外来人带来了一纸条约，宣称他们为了和平与财富\n而来，但我们看到的只有死亡和背叛。他们带来了\n邪恶的武器，逼迫我们互相为敌。你认为他们真的\n有诚意吗？;;;;;;;;;;;;x;,,,,,,
EVTOPTA333005;他们是寻求和平的;;;;;;;;;;;;x;,,,,,,
EVTOPTB333005;我们不是白痴!;;;;;;;;;;;;x;,,,,,,
uluru_question1_title;乌卢鲁问题;;;;;;;;;;;;x;,,,,,,
uluru_question1_desc;乌卢鲁条约旨在寻求统治祖哈拉的方式。我们\n将给予原住民足够的权利和文明的生活。;;;;;;;;;;;;x;,,,,,,
uluru_question2_title;乌卢鲁问题;;;;;;;;;;;;x;,,,,,,
uluru_question2_desc;乌卢鲁条约旨在寻求统治祖哈拉的方式。我们\n将给予原住民足够的权利和文明的生活。;;;;;;;;;;;;x;,,,,,,
EVTDESC46425;获取独立后，我们必须决定政府的形式。结果将怎样呢？;;;;;;;;;;;x;,,,,,,
EVTOPTA46425;就这样吧;;;;;;;;;;;;x;,,,,,,
public_demand_title;人民的意愿;;;;;;;;;;;;x;,,,,,,
public_demand_desc;不安在增长，我们被迫重开议会。;;;;;;;;;;;;x;,,,,,,
uluru_question3_title;北部土地交易;;;;;;;;;;;;x;,,,,,,
uluru_question3_desc;随着殖民政策的延续，我们的国家获得了北部\n大部分土地，除了原住民建立的雍古。由于我\n们的战略优势，它的孤立难以为继。或许我们\n应该通过购买获得这块土地？;;;;;;;;;;;;x;,,,,,,
uluru_question4_title;西部土地交易;;;;;;;;;;;;x;,,,,,,
uluru_question4_desc;随着殖民政策的延续，我们的国家获得了西部\n大部分土地，除了原住民建立的努加。由于我\n们的战略优势，它的孤立难以为继。或许我们\n应该通过购买获得这块土地？;;;;;;;;;;;;x;,,,,,,
EVTNAME333007;北部土地交易;;;;;;;;;;;;x;,,,,,,
EVTDESC333007;随着殖民活动的进行，别的国家获得了北部大\n部分土地，除了我们控制的雍古。由于他们的\n战略优势，我们的孤立难以为继。或许我们应\n该在合适的时候卖掉这块土地？;;;;;;;;;;;;x;,,,,,,
EVTOPTA333007;我在地图上都找不到它;;;;;;;;;;;;x;,,,,,,
EVTOPTB333007;度假胜地吗?;;;;;;;;;;;x;,,,,,,
EVTNAME333008;西部土地交易;;;;;;;;;;;;x;,,,,,,
EVTDESC333008;随着殖民活动的进行，别的国家获得了西部大\n部分土地，除了我们控制的努加。由于他们的\n战略优势，我们的孤立难以为继。或许我们应\n该在合适的时候卖掉这块土地？;;;;;;;;;;;;x;,,,,,,
EVTOPTA333008;我在地图上都找不到它;;;;;;;;;;;;x;,,,,,,
EVTOPTB333008;度假胜地吗?;;;;;;;;;;;x;,,,,,,
the_final_stand_title;最后一战;;;;;;;;;;;;x;,,,,,,
the_final_stand_desc;解决我们统一的最后障碍――满族入侵者。;;;;;;;;;;;;x;,,,,,,
venice_should_die;至尊之共和国的终结;;;;;;;;;;;;x;,,,,,,
venice_should_die;永别了。;;;;;;;;;;;;x;,,,,,,
EVTNAME124101;阿拉贡问题;;;;;;;;;;;;x;,,,,,,
EVTDESC124101;通知各方;;;;;;;;;;;;x;,,,,,,
EVTOPTA124101;应该解决;;;;;;;;;;;;x;,,,,,,
EVTNAME124102;最终联合;;;;;;;;;;;;x;,,,,,,
EVTDESC124102;我们终于解决了新获得的意大利领土的统治问题，\n分配部分权力来安抚北意大利人。我们现在可以以\n罗马帝国继承人的身份自居。;;;;;;;;;;;;x;,,,,,,
EVTOPTA124102;至少他们是有用的;;;;;;;;;;;;x;,,,,,,
EVTNAME124103;风暴;;;;;;;;;;;;x;,,,,,,
EVTDESC124103;大人！阿拉贡意大利的建立严重打破了世界平衡，\n我们必须设法阻止这些变化。;;;;;;;;;;;;x;,,,,,,
EVTOPTA124103;十分不幸;;;;;;;;;;;;x;,,,,,,
EVTNAME124105;意大利之战;;;;;;;;;;;;x;,,,,,,
EVTDESC124105;忘恩负义的米兰人竟敢反抗！让他们尝尝罗马帝国\n的厉害吧！;;;;;;;;;;;;x;,,,,,,
EVTOPTA124105;战斗，直到他们死光！;;;;;;;;;;;;x;,,,,,,
EVTNAME124106;罗马当局的失败;;;;;;;;;;;;x;,,,,,,
EVTDESC124106;大人，我们没能镇压住米兰叛军！现在我们必须付\n出代价。;;;;;;;;;;;x;,,,,,,
EVTOPTA124106;可悲的战争！;;;;;;;;;;;;x;,,,,,,
EVTNAME124107;罗马当局的胜利;;;;;;;;;;;;x;,,,,,,
EVTDESC124107;大人，我们成功镇压了米兰叛军！这是帝国的荣耀！;;;;;;;;;;;;x;,,,,,,
EVTOPTA124107;他们竟然妄想自由！;;;;;;;;;;;;x;,,,,,,
savoy_of_italy_title;建立意大利;;;;;;;;;;;;x;,,,,,,
savoy_of_italy_desc;随着阿拉贡的衰落，我们获得了填补意大利权力\n真空的机会，萨伏伊公国将会获得钢铁王冠。;;;;;;;;;;;;x;,,,,,,
etrurian_manifesto_title;埃特鲁利亚宣言;;;;;;;;;;;;x;,,,,,,
etrurian_manifesto_desc;邪恶的帝国主义走狗打算侵占我们神圣的领土。\n所有意大利人，听从我的号令，联合起来为了荣\n耀，为了自由！;;;;;;;;;;;;x;,,,,,,
bridge_over_salzach_title;萨尔茨堡的桥;;;;;;;;;;;;x;,,,,,,
bridge_over_salzach_desc;$YEAR$ 年，法英二元王国国王与波西米亚和神圣罗马帝国皇帝的特使在萨尔茨堡会面，两大帝国决定商讨一个谅解协定。萨尔茨堡人民在萨尔察赫河上修建了一座桥梁来\n纪念双方的友谊。;;;;;;;;;;;;x;,,,,,,
partition_of_venice_title;瓜分威尼斯;;;;;;;;;;;;x;,,,,,,
partition_of_venice_desc;威尼斯共和国的命运早在萨尔茨堡被决定了。\n现在我们来完成协议。;;;;;;;;;;;;x;,,,,,,
meddle_in_italy_title;声明我们在意大利的利益;;;;;;;;;;;;x;,,,,,,
meddle_in_italy_desc;击败瓦罗瓦王朝后，我们有了足够实力影响意大利。;;;;;;;;;;;;x;,,,,,,
the_question_of_italy_title;意大利问题;;;;;;;;;;;;x;,,,,,,
the_question_of_italy_desc;至尊之共和国为帝国军队所击败。根据萨尔茨堡协定，\n奥地利应获得威尼斯领土。我们要遵守协定吗？;;;;;;;;;;;;x;,,,,,,
EVTNAME598000;萨尔茨堡的桥;;;;;;;;;;;;x;,,,,,,
EVTDESC598000;$YEAR$ 年，法英二元王国国王与波西米亚和神圣罗马帝国皇帝的特使在萨尔茨堡会面，两大帝国决定商讨一个谅解协定。萨尔茨堡人民在萨尔察赫河上修建了一座桥梁来\n纪念双方的友谊。 ;;;;;;;;;;;;x;,,,,,,
EVTOPTA598000;让我们建起友谊之桥吧;;;;;;;;;;;;x;,,,,,,
EVTOPTB598000;波西米亚人？不！;;;;;;;;;;;;x;,,,,,,
EVTNAME598001;分割威尼斯;;;;;;;;;;;;x;,,,,,,
EVTDESC598001;威尼斯共和国的命运早在萨尔茨堡被决定了。\n我们要遵守协定吗？;;;;;;;;;;;x;,,,,,,
EVTOPTA598001;他们竟敢这样！;;;;;;;;;;;;x;,,,,,,
EVTNAME598003;联合威尼斯;;;;;;;;;;;;x;,,,,,,
EVTDESC598003;至尊之共和国为帝国军队所击败。根据萨尔茨堡协定，\n奥地利应获得威尼斯领土。由于意大利的权力真\n空，没人能阻止他们。;;;;;;;;;;;;x;,,,,,,
EVTOPTA598003;有趣;;;;;;;;;;;;x;,,,,,,
EVTNAME598004;最后一息;;;;;;;;;;;;x;,,,,,,
EVTDESC598004;共和国最后的机会是向二元王国求援。巴黎会帮助我们吗？;;;;;;;;;;;;x;,,,,,,
EVTOPTA598004;他们必须帮助我们！;;;;;;;;;;;;x;,,,,,,
EVTNAME598005;意大利问题;;;;;;;;;;;;x;,,,,,,
EVTDESC598005;我们可以从北意大利的混乱中渔利。;;;;;;;;;;;;x;,,,,,,
EVTOPTA598005;协议需要被执行。;;;;;;;;;;;;x;,,,,,,
EVTOPTB598005;我们要的更多;;;;;;;;;;;;x;,,,,,,
EVTOPTC598005;我们在意大利的地位不容挑战;;;;;;;;;;;;x;,,,,,,
EVTNAME598006;联合萨伏伊;;;;;;;;;;;;x;,,,,,,
EVTDESC598006;大人！法国统治者要求我们奉上我们的领土，该怎么办？;;;;;;;;;;;;x;,,,,,,
EVTOPTA598006;我们将战斗到底。;;;;;;;;;;;;x;,,,,,,
EVTOPTB598006;我们无法选择。;;;;;;;;;;;;x;,,,,,,
EVTNAME598007;前进！意大利。;;;;;;;;;;;;x;,,,,,,
EVTDESC598007;有了巴黎的支持，我们可以获得意大利王冠。;;;;;;;;;;;;x;,,,,,,
EVTOPTA598007;太好了！;;;;;;;;;;;;x;,,,,,,
EVTNAME598008;祖国的召唤;;;;;;;;;;;;x;,,,,,,
EVTDESC598008;萨伏伊公国要求吞并我们。;;;;;;;;;;;;x;,,,,,,
EVTOPTA598008;我们需要联合！;;;;;;;;;;;;x;,,,,,,
acquire_core_state2_desc; 获得核心领土;;;;;;;;;;x;,,,,,,
acquire_state2_desc; 获得领土;;;;;;;;;;x;,,,,,,
place_in_the_sun2_desc; 抢夺殖民地;;;;;;;;;;x;,,,,,,
acquire_core_state2; 获得核心领土;;;;;;;;;;x;,,,,,,
acquire_core_state2_short; 获得 $STATE$;;;;;;;;;;x;,,,,,,
acquire_core_state2_setup; 获得 $STATE$ 成为核心领土，从 $RECIPIENT$ 手中;;;;;;;;;;x;,,,,,,
acquire_state2; 获得领土;;;;;;;;;;x;,,,,,,
acquire_state2_short; 获得 $STATE$;;;;;;;;;;x;,,,,,,
acquire_state2_setup; 从 $RECIPIENT$ 手中获得\n $STATE$;;;;;;;;;;x;,,,,,,
place_in_the_sun2; 抢夺殖民地;;;;;;;;;;x;,,,,,,
place_in_the_sun2_short; 获得 $STATE$;;;;;;;;;;x;,,,,,,
place_in_the_sun2_setup; 获得殖民地 $STATE$，从 $RECIPIENT$ 手中;;;;;;;;;;x;,,,,,,
demand_concession_casus_belli2;要求租界;;;;;;;;;;x;,,,,,,
demand_concession_casus_belli2_desc;强迫一个 Y未开化国家W 割让其领土以成立租界。;;;;;;;;;;x;,,,,,,
demand_concession_casus_belli2_setup;要求 $RECIPIENT$ 割让其领土以成立租界。;;;;;;;;;;x;,,,,,,
demand_concession_casus_belli2_short;要求 $STATE$;;;;;;;;;;x;,,,,,,
EVTNAME46425;天选之路;;;;;;;;;;;;x;,,,,,,
dine_bikeyah_pueblos_title;宣称对丁白克亚主权;;;;;;;;;;;;x;,,,,,,
dine_bikeyah_pueblos_desc;我们对丁白克亚的控制无可争议，将这些土地并入国家。;;;;;;;;;;;;x;,,,,,,
form_lotharingia_title;加洛林王朝的重生;;;;;;;;;;;;x;,,,,,,
form_lotharingia_desc;勃艮第人是洛林公国的唯一继承者，也是法兰克王\n国的真正的继承者。我们的国土从易北河延绵至塞\n纳河，让我们宣布加洛林王朝的重生吧！;;;;;;;;;;;;x;,,,,,,
shield_of_levant_title;黎凡特之盾;;;;;;;;;;;;x;,,,,,,
persiania_title;波斯梦想;;;;;;;;;;;;x;,,,,,,
shield_of_levant_desc;欧洲人目睹了我们的崛起，现在，我们有能力建立一\n个伟大的帝国。我们将解放所有阿拉伯人，成为黎凡\n特的守护者。;;;;;;;;;;;;x;,,,,,,
persiania_desc;奥斯曼帝国衰落了，伊拉克应该摆脱奥斯曼的阴影，\n追求一个伊拉克人和波斯人的联合帝国。;;;;;;;;;;;;x;,,,,,,
rohnnst_question1_title;宏斯特印第安人;;;;;;;;;;;;x;,,,,,,
rohnnst_question1_desc;当克里土著与中国人和斯堪的纳维亚人混合时，一个\n新的民族宏斯特诞生了。他们与殖民者贸易，并逐渐\n在阿卡迪亚中部广阔的原野和森林间建立了一个原始\n国家。但文明的传播迫使他们现在做出选择，是否接\n受我们的霸权？;;;;;;;;;;;;x;,,,,,,
rohnnst_question2_title;宏斯特印第安人;;;;;;;;;;;;x;,,,,,,
rohnnst_question2_desc;当克里土著与中国人和斯堪的纳维亚人混合时，一个\n新的民族宏斯特诞生了。他们与殖民者贸易，并逐渐\n在阿卡迪亚中部广阔的原野和森林间建立了一个原始\n国家。但文明的传播迫使他们现在做出选择，是否接\n受我们的霸权？;;;;;;;;;;;;x;,,,,,,
EVTNAME333009;逃向深山;;;;;;;;;;;;x;,,,,,,
EVTDESC333009;白人从海的那边来，带来了痛苦的灾难，屠杀我们的\n部族，抢夺我们的财富。我们拼命抵抗，但白人实在\n太多。该怎么办呢？;;;;;;;;;;;;x;,,,,,,
EVTOPTA333009;快逃命吧！;;;;;;;;;;;;x;,,,,,,
EVTOPTB333009;战斗到底！;;;;;;;;;;;;x;,,,,,,
EVTNAME202100;赤道危机;;;;;;;;;;;;x;,,,,,,
EVTDESC202100;过去几个月中政府的变化让许多人对我们的制度\n产生了不满，他们起义以寻求所谓的“自由共和\n国”。让我们来教训他们一下。;;;;;;;;;;;;x;,,,,,,
EVTOPTA202100;武力还击;;;;;;;;;;;;x;,,,,,,
EVTNAME202101;走向西伯利亚;;;;;;;;;;;;x;,,,,,,
EVTDESC202101;西伯利亚汗国是金帐汗国的最后一支，他们的幸存是\n莫斯科公国和诺夫哥罗德长期战争的产物。如今，他\n们将成为我们走向西伯利亚的大门。;;;;;;;;;;;;x;,,,,,,
EVTOPTA202101;向东进军;;;;;;;;;;;;x;,,,,,,
EVTNAME202103;俄罗斯边境;;;;;;;;;;;;x;,,,,,,
EVTDESC202103;控制乌拉尔山以东的地区始终是个难题，丢失一个\n像格拉索夫或帕姆这样的关键要塞可能让我们失去\n整个远东。;;;;;;;;;;;;x;,,,,,,
EVTOPTA202103;保护好他们！;;;;;;;;;;;;x;,,,,,,
EVTNAME202105;俄罗斯边境;;;;;;;;;;;;x;,,,,,,
EVTDESC202105;诺夫哥罗德和莫斯科长期以来都在为边境土地\n进行着外交和军事较量。随着俄罗斯的统一，\n这些将不再是问题。;;;;;;;;;;;;x;,,,,,,
EVTOPTA202105;感谢上帝!;;;;;;;;;;;;x;,,,,,,
EVTNAME202106;来自远方的消息;;;;;;;;;;;;x;,,,,,,
EVTDESC202106;库尔兰公爵公司在其存在的250 年间致力于发展三角贸易，\n并在全球获得了一些殖民地。这种发展得益于斯堪的纳维亚\n的保护。而如今在国外竞争对手的压力下，我们已经无力保\n有这些殖民地。;;;;;;;;;;;;x;,,,,,,
EVTOPTA202106;糟糕！;;;;;;;;;;;;x;,,,,,,
EVTNAME202107;库尔兰的瓦解;;;;;;;;;;;;x;,,,,,,
EVTDESC202107;随着库尔兰的瓦解，其海外殖民地接受了我们的统治。;;;;;;;;;;;;x;,,,,,,
EVTOPTA202107;我在地图上都找不到这些地方;;;;;;;;;;;;x;,,,,,,
EVTNAME202108;库尔兰的瓦解;;;;;;;;;;;;x;,,,,,,
EVTDESC202108;随着库尔兰的瓦解，其海外殖民地接受了我们的统治。;;;;;;;;;;;;x;,,,,,,
EVTOPTA202108;我在地图上都找不到这些地方;;;;;;;;;;;;x;,,,,,,
greater_griqualand_title;建立大格里克兰;;;;;;;;;;;;x;,,,,,,
greater_griqualand_desc;我们的势力遍布南非，现在让我们宣布\n成为大格里克兰的守护者。;;;;;;;;;;;;x;,,,,,,
annex_chinese_rival_desc;将一个非洲土著王国并入殖民地;;;;;;;;;;;;x;,,,,,,
annex_chinese_rival_setup;将非洲土著王国 $RECIPIENT$ 并入殖民地;;;;;;;;;;;;x;,,,,,,
annex_chinese_rival_short;吞并 $RECIPIENT$;;;;;;;;;;;;x;,,,,,,
annex_core_courland;征服;;;;;;;;;;;;x;,,,,,,
annex_core_courland_desc;吞并一个只有一个地区的小国;;;;;;;;;;;;x;,,,,,,
annex_core_courland_setup;吞并 $RECIPIENT$;;;;;;;;;;;;x;,,,,,,
annex_core_courland_short;吞并 $RECIPIENT$;;;;;;;;;;;;x;,,,,,,
EVTNAME371200;叛乱蔓延;;;;;;;;;;;;x;,,,,,,
EVTDESC371200;随着境内叛乱的蔓延，越来越多的分离主义者试图摆脱我们的控制。;;;;;;;;;;;;x;,,,,,,
EVTOPTA371200;我们必将胜利！;;;;;;;;;;;;x;,,,,,,
EVTNAME371201;叛乱平息;;;;;;;;;;;;x;,,,,,,
EVTDESC371201;随着我们对叛乱地区的征服，形势慢慢平定了下来。;;;;;;;;;;;;x;,,,,,,
EVTOPTA371201;很好！;;;;;;;;;;;;x;,,,,,,
EVTNAME333010;桑给巴尔的核心;;;;;;;;;;;;x;,,,,,,
EVTDESC333010;随着我们在东南非洲的扩张，桑给巴尔的核心\n也增加了。;;;;;;;;;;;;x;,,,,,,
EVTOPTA333010;好的;;;;;;;;;;;;x;,,,,,,
end_of_kurland_title;废除库尔兰大公;;;;;;;;;;;;x;,,,,,,
end_of_kurland_desc;在征服立窝兰、削弱波兰的战争中，库尔兰公国\n成了我们的傀儡。我们在当地的影响正在衰弱，\n应该把加强控制作为反制措施。;;;;;;;;;;;;x;,,,,,,
EVTNAME333330;安哥拉;;;;;;;;;;;;x;,,,,,,
EVTDESC333330;我们已经统治了安哥拉多年，当地民族主义情绪开始萌芽。;;;;;;;;;;;;x;,,,,,,
EVTOPTA333330;我们还应付得了。;;;;;;;;;;;;x;,,,,,,
EVTNAME333331;塞拉利昂;;;;;;;;;;;;x;,,,,,,
EVTDESC333331;我们已经统治了塞拉利昂多年，当地民族主义情绪开始萌芽。;;;;;;;;;;;;x;,,,,,,
EVTOPTA333331;我们还应付得了。;;;;;;;;;;;;x;,,,,,,
EVTNAME333332;中非的领土;;;;;;;;;;;;x;,,,,,,
EVTDESC333332;又一块土地毫无争议地成为了我们的领土。;;;;;;;;;;;;x;,,,,,,
EVTOPTA333332;太棒了!;;;;;;;;;;;;x;,,,,,,
EVTNAME333333;中非的领土;;;;;;;;;;;;x;,,,,,,
EVTDESC333333;又一块土地毫无争议地成为了我们的领土。;;;;;;;;;;;;x;,,,,,,
EVTOPTA333333;太棒了!;;;;;;;;;;;;x;,,,,,,
EVTNAME333334;中非的领土;;;;;;;;;;;;x;,,,,,,
EVTDESC333334;又一块土地毫无争议地成为了我们的领土。;;;;;;;;;;;;x;,,,,,,
EVTOPTA333334;太棒了!;;;;;;;;;;;;x;,,,,,,
EVTNAME333335;南阿丹瓦保护国;;;;;;;;;;;;x;,,,,,,
EVTDESC333335; $YEAR$ 年，欧洲列强决定将赤道附近的大片无主土地交给\n萨伏伊大公国，作为交换，萨伏伊必须解散东印度公司。;;;;;;;;;;;;x;,,,,,,
EVTOPTA333335;让他们获得土地吧;;;;;;;;;;;;x;,,,,,,
EVTNAME333012;大巴萨姆问题;;;;;;;;;;;;x;,,,,,,
EVTDESC333012;勃艮第在大巴萨姆的殖民地已经失去了战略价值，\n或许我们可以请求获得它。;;;;;;;;;;;;x;,,,,,,
EVTOPTA333012;就这么办;;;;;;;;;;;;x;,,,,,,
EVTNAME333013;大巴萨姆问题;;;;;;;;;;;;x;,,,,,,
EVTDESC333013;我们早先在大巴萨姆建立的贸易站难以为继，\n或许可以交给其它国家来换取声誉。;;;;;;;;;;;;x;,,,,,,
EVTOPTA333013;好的;;;;;;;;;;;;x;,,,,,,
EVTOPTB333013;保住那片土地！;;;;;;;;;;;;x;,,,,,,
EVTNAME333014;南安哥拉问题;;;;;;;;;;;;x;,,,,,,
EVTDESC333014;斯堪的纳维亚在南安哥拉的殖民地已经失去了战略价值，\n或许我们可以请求获得它。;;;;;;;;;;;;x;,,,,,,
EVTOPTA333014;就这么办;;;;;;;;;;;;x;,,,,,,
EVTNAME333015;南安哥拉问题;;;;;;;;;;;;x;,,,,,,
EVTDESC333015;我们早先在南安哥拉建立的贸易站难以为继，\n或许可以交给其它国家来换取声誉。;;;;;;;;;;;;x;,,,,,,
EVTOPTA333015;好的;;;;;;;;;;;;x;,,,,,,
EVTOPTB333015;保住那片土地！;;;;;;;;;;;;x;,,,,,,
EVTNAME333016;哥本哈根的请求;;;;;;;;;;;;x;,,,,,,
EVTDESC333016;大公！斯堪的纳维亚国王要求吞并我们。;;;;;;;;;;;;x;,,,,,,
EVTOPTA333016;怎么可能拒绝呢?;;;;;;;;;;;;x;,,,,,,
EVTOPTB333016;那他得到的只能是战争!;;;;;;;;;;;;x;,,,,,,
EVTNAME333018;达喀尔问题;;;;;;;;;;;;x;,,,,,,
EVTDESC333018;我们早先在达喀尔建立的贸易站难以为继，\n或许可以交给其它国家来换取声誉。;;;;;;;;;;;;x;,,,,,,
EVTOPTA333018;好的;;;;;;;;;;;;x;,,,,,,
EVTOPTB333018;保住那片土地！;;;;;;;;;;;;x;,,,,,,
EVTNAME333017;达喀尔问题;;;;;;;;;;;;x;,,,,,,
EVTDESC333017;库尔兰的飞地达喀尔已经失去了战略价值，\n或许我们可以请求获得它。;;;;;;;;;;;;x;,,,,,,
EVTOPTA333017;就这么办;;;;;;;;;;;;x;,,,,,,
EVTNAME333019;马六甲条约;;;;;;;;;;;;x;,,,,,,
EVTDESC333019;随着马六甲国力的增长，我们在当地的殖民地\n岌岌可危。归还殖民地可以大大减少我们在东\n印度的麻烦，改善我们和马六甲的关系。;;;;;;;;;;;;x;,,,,,,
EVTOPTA333019;您是正确的;;;;;;;;;;;;x;,,,,,,
EVTOPTB333019;那是通往东印度的大门!;;;;;;;;;;;;x;,,,,,,
EVTOPTC333019;太荒唐了!;;;;;;;;;;;;x;,,,,,,
EVTNAME333020;马六甲条约;;;;;;;;;;;;x;,,,,,,
EVTDESC333020;随着马六甲国力的增长，我们在当地的殖民地\n岌岌可危。归还殖民地可以大大减少我们在东\n印度的麻烦，改善我们和马六甲的关系。;;;;;;;;;;;;x;,,,,,,
EVTOPTA333020;您是正确的;;;;;;;;;;;;x;,,,,,,
EVTOPTB333020;那是通往东印度的大门!;;;;;;;;;;;;x;,,,,,,
EVTOPTC333020;太荒唐了!;;;;;;;;;;;;x;,,,,,,
desc_playerpunish1;我们的税收惩罚额度;;;;;;;;;;;;x;,,,,,,
playerpunish1;税收惩罚;;;;;;;;;;;;x;,,,,,,
desc_playerpunish2;我们的税收惩罚额度;;;;;;;;;;;;x;,,,,,,
playerpunish2;税收惩罚;;;;;;;;;;;;x;,,,,,,
desc_playerpunish3;我们的税收惩罚额度;;;;;;;;;;;;x;,,,,,,
playerpunish3;税收惩罚;;;;;;;;;;;;x;,,,,,,
desc_playerpunish4;我们的税收惩罚额度;;;;;;;;;;;;x;,,,,,,
playerpunish4;税收惩罚;;;;;;;;;;;;x;,,,,,,
desc_playerpunish5;我们的税收惩罚额度;;;;;;;;;;;;x;,,,,,,
playerpunish5;税收惩罚;;;;;;;;;;;;x;,,,,,,
switch_punishment_title;重设税收惩罚;;;;;;;;;;;;x;,,,,,,
switch_punishment_desc;或许我们应该重新考虑一下税收惩罚的额度;;;;;;;;;;;;x;,,,,,,
EVTNAME19803;难度设置;;;;;;;;;;;;x;,,,,,,
EVTDESC19803; PDM经济系统去除了税收效率设置以增强AI的竞争力，\n但这样也降低了游戏难度。玩家可以选择一定的税收惩\n罚让游戏变得更具挑战性。;;;;;;;;;;;;x;,,,,,,
EVTOPTA19803;无;;;;;;;;;;;;x;,,,,,,
EVTOPTB19803;减少10%;;;;;;;;;;;;x;,,,,,,
EVTOPTC19803;减少20%;;;;;;;;;;;;x;,,,,,,
EVTOPTD19803;减少30%;;;;;;;;;;;;x;,,,,,,
EVTOPTE19803;减少40%;;;;;;;;;;;;x;,,,,,,
EVTOPTF19803;减少50%;;;;;;;;;;;;x;,,,,,,
EVTNAME19804;变革之风;;;;;;;;;;;;x;,,,,,,
EVTDESC19804;不能再改变税收惩罚了;;;;;;;;;;;;x;,,,,,,
EVTOPTA19804;好的;;;;;;;;;;;;x;,,,,,,
EVTNAME123110;德意志的统一;;;;;;;;;;;;x;,,,,,,
EVTDESC123110;随着德意志在$YEAR$的统一，在大德意志战争期间德国革命者的夙愿终于得以实现了。波西米亚的神圣罗马帝国皇帝之衔如今失去了任何现实意义，神圣罗马帝国的最后一丝残迹也已经被抹去，同时，任何国家对神圣罗马帝国的宣称也都将失去。;;;;;;;;;;;;x;,,,,,,
fall_of_burgundy_title;勃艮第的沦陷;;;;;;;;;;;;x;,,,,,,
fall_of_burgundy_desc;我们已经被完全逐出了欧洲大陆，并不再被认作是列强之一。或许是承认失败并放弃我们对勃艮第的宣称的时候了。;;;;;;;;;;;;x;,,,,,,
reclaim_paris_PRV_title;巴黎光复;;;;;;;;;;;;x;,,,,,,
reclaim_paris_PRV_desc;我们已经从金雀花王朝的手中收回巴黎，现在我们可以重新将首度迁回那里了。;;;;;;;;;;;;x;,,,,,,
reclaim_paris_PRV_title;巴黎光复;;;;;;;;;;;;x;,,,,,,
reclaim_paris_PRV_desc;我们已经从金雀花王朝的手中收回巴黎，现在我们可以重新将首度迁回那里了。;;;;;;;;;;;;x;,,,,,,
EVTNAME334212;朝鲜问题;;;;;;;;;;;;x;,,,,,,
EVTDESC334212;我们已经失去了朝鲜半岛上的立足之地，人们正在怀疑我们是应该重新征服朝鲜，还是永远放弃对那里的宣称。;;;;;;;;;;;;x;,,,,,,
EVTOPTA334212;为朝鲜而战;;;;;;;;;;;;x;,,,,,,
EVTOPTB334212;放弃那里;;;;;;;;;;;;x;,,,,,,
EVTNAME334213;朝鲜战争的失败;;;;;;;;;;;;x;,,,,,,
EVTDESC334213;我们征服朝鲜的努力已经化为泡影，我们不得不放弃对朝鲜的宣称。;;;;;;;;;;;;x;,,,,,,
EVTOPTA334213;天哪！;;;;;;;;;;;;x;,,,,,,
EVTNAME334214;朝鲜战争的胜利;;;;;;;;;;;;x;,,,,,,
EVTDESC334214;我们又一次成功征服了朝鲜并保住了我们的宣称。;;;;;;;;;;;;x;,,,,,,
EVTOPTA334214;好极了！;;;;;;;;;;;;x;,,,,,,
tungning_nerf;对东宁动员的反应;;;;;;;;;;;;x;,,,,,,
EVTNAME46440;大哥伦比亚的解体;;;;;;;;;;;;x;,,,,,,
EVTDESC46440;人们已经就大哥伦比亚应该解体达成了共识，但尚且没有决定好如何划分解体后的各个新国家;;;;;;;;;;;;x;,,,,,,
EVTOPTA46440;由我来决定;;;;;;;;;;;;x;,,,,,,
EVTOPTB46440;由人们自己来决定.;;;;;;;;;;;;x;,,,,,,
EVTNAME46441;中美洲;;;;;;;;;;;;x;,,,,,,
EVTDESC46441;中美洲应当如何划分？;;;;;;;;;;;;x;,,,,,,
EVTOPTA46441;它应当是统一的.;;;;;;;;;;;;x;,,,,,,
EVTOPTB46441;它应当被完全分裂;;;;;;;;;;;;x;,,,,,,
EVTOPTC46441;让人们自己决定;;;;;;;;;;;;x;,,,,,,
EVTNAME46442;亚美利哥;;;;;;;;;;;;x;,,,,,,
EVTDESC46442;亚美利哥大陆应当如何划分？;;;;;;;;;;;;x;,,,,,,
EVTOPTA46442;它应当是统一的;;;;;;;;;;;;x;,,,,,,
EVTOPTB46442;它应该被分为格兰纳达，基多，埃塞奎博三国;;;;;;;;;;;;x;,,,,,,
EVTOPTC46442;它应该被分为格兰纳达，基多，阿雷基帕和埃塞奎博几部分;;;;;;;;;;;;x;,,,,,,
EVTOPTD46442;它应该被完全分裂;;;;;;;;;;;;x;,,,,,,
EVTOPTE46442;让人们自己决定;;;;;;;;;;;;x;,,,,,,
EVTNAME46443;墨西哥;;;;;;;;;;;;x;,,,,,,
EVTDESC46443;墨西哥地区应当如何划分？;;;;;;;;;;;;x;,,,,,,
EVTOPTA46443;它应当是统一的;;;;;;;;;;;;x;,,,,,,
EVTOPTB46443;玛雅人应当建立他们的国家;;;;;;;;;;;;x;,,,,,,
EVTOPTC46443;玛雅人，萨波特克人和普莱派查人应当拥有自己的国家;;;;;;;;;;;;x;,,,,,,
EVTOPTD46443;分为玛雅，萨波特克，阿兹特兰和普莱派查几部分;;;;;;;;;;;;x;,,,,,,
EVTOPTE46443;让人们自己决定;;;;;;;;;;;;x;,,,,,,
EVTNAME46444;哈利斯科;;;;;;;;;;;;x;,,,,,,
EVTDESC46444;哈利斯科应该独立吗？;;;;;;;;;;;;x;,,,,,,
EVTOPTA46444;不;;;;;;;;;;;;x;,,,,,,
EVTOPTB46444;是的;;;;;;;;;;;;x;,,,,,,
EVTOPTC46444;让人们自己决定;;;;;;;;;;;;x;,,,,,,
EVTNAME125134;让人们自己决定;;;;;;;;;;;;x;,,,,,,
call_council_of_italy_title;召开意大利联邦会议;;;;;;;;;;;;x;,,,,,,
call_council_of_italy_desc;随着自由主义的迅速传播，统一意大利的时机日渐来临。我们应该呼吁召开一届意大利的联邦会议以推动意大利的独立与统一并摆脱外国的影响。如果会议成功，意大利将从此步向一个自由主义与工业革命的新时代。;;;;;;;;;;;;x;,,,,,,
EVTNAME124200;意大利联邦会议的召开;;;;;;;;;;;;x;,,,,,,
EVTDESC124200;伊特鲁里亚革命共和国召开了一届意大利各邦的联合会议以推动意大利的统一。我们应该支持意大利的统一还是要求维持现状呢？;;;;;;;;;;;;x;,,,,,,
EVTNAME124201;统一万岁;;;;;;;;;;;;x;,,,,,,
EVTDESC124201;有一个国家已经支持了我们统一意大利的要求;;;;;;;;;;;;x;,,,,,,
EVTNAME124202;反对统一;;;;;;;;;;;;x;,,,,,,
EVTDESC124202;一个国家拒绝了我们统一意大利的要求, 但自由主义者表示他们如果能掌权便会支持我们。帮助自由主义者会使阿拉贡更加关注当地局势。;;;;;;;;;;;;x;,,,,,
EVTNAME124203;自由主义者得到援助;;;;;;;;;;;;x;,,,,,,
EVTDESC124203;伊特鲁里亚已经对自由主义反对党进行了支持;;;;;;;;;;;;x;,,,,,,
EVTNAME124204;自由主义的胜利;;;;;;;;;;;;x;,,,,,,
EVTDESC124204;自由主义者已经掌权并支持意大利的统一;;;;;;;;;;;;x;,,,,,,
EVTNAME124205;意大利联邦会议的成功;;;;;;;;;;;;x;,,,,,,
EVTDESC124205;意大利的统一已经获得了足够的支持，意大利联邦会议取得了成功，但我们应该对欧洲列强的反应保持警惕。现在那些拒绝加入统一意大利的国家或许会重新考虑他们的选择。;;;;;;;;;;;;x;,,,,,,
EVTNAME124206;意大利联邦会议的失败;;;;;;;;;;;;x;,,,,,,
EVTDESC124206;意大利的统一并没有获得足够的支持，意大利联邦会议失败。或许只有通过外国干预或者一个采用铁血道路的强力意大利邦国才能实现意大利的统一了;;;;;;;;;;;;x;,,,,,,
EVTNAME124207;重新考虑统一问题;;;;;;;;;;;;x;,,,,,,
EVTDESC124207;随着意大利联邦会议的成功，新生的意大利共和国要求我们重新考虑是否加入意大利，拒绝就意味着一场可能的战争;;;;;;;;;;;;x;,,,,,,
EVTNAME124208;意大利的外交政策;;;;;;;;;;;;x;,,,,,,
EVTDESC124208;一个崭新的国家已经在亚平宁半岛上诞生，现在我们应该考虑新生共和国的外交政策;;;;;;;;;;;;x;,,,,,,
EVTNAME124209;狂妄的意大利;;;;;;;;;;;;x;,,,,,,
EVTDESC124209;新生的意大利共和国对我们是个威胁，它将为我们带来巨大损失。我们不能任由事态发展了，必须击垮这个意大利国家以消除它产生的威胁。;;;;;;;;;;;;x;,,,,,,
vin_manifest_destiny_title;北方的天命;;;;;;;;;;;;;x,,,,,,
vin_manifest_destiny_desc;阿卡迪亚的北方蕴含着无穷的机遇与财富，让我们张开翅膀！;;;;;;;;;;;;;x,,,,,,
nbg_manifest_destiny_title;东方的天命;;;;;;;;;;;;;x,,,,,,
nbg_manifest_destiny_desc;阿卡迪亚的东方蕴含着无穷的机遇与财富，让我们张开翅膀！;;;;;;;;;;;;;x,,,,,,
pla_manifest_destiny_title;南方的天命;;;;;;;;;;;;;x,,,,,,
pla_manifest_destiny_desc;阿卡迪亚的南方蕴含着无穷的机遇与财富，让我们张开翅膀！;;;;;;;;;;;;;x,,,,,,
dng_manifest_destiny_title;西方的天命;;;;;;;;;;;;;x,,,,,,
dng_manifest_destiny_desc;阿卡迪亚的西方蕴含着无穷的机遇与财富，让我们张开翅膀！;;;;;;;;;;;;;x,,,,,,
merchant_republic;商业共和国;;;;;;;;;;;;x;,,,,,,
merchant_republic_ruler;总裁;;;;;;;;;;;;x;,,,,,,
theocracy;教权国家;;;;;;;;;;;;x;,,,,,,
theocracy_ruler;霓下;;;;;;;;;;;;x;,,,,,,
native_assimilation;同化土著;;;;;;;;;;;;x;,,,,,,
native_reservation;保留土著;;;;;;;;;;;;x;,,,,,,
native_integration;融合土著;;;;;;;;;;;;x;,,,,,,
form_rhineland_BEG_title;成立莱茵兰;;;;;;;;;;;;x;,,,,,,
form_rhineland_BEG_desc;现在我们击败了勃艮第压迫者并且取得了莱茵河两岸的土地，是时候成立莱茵兰王国了。;;;;;;;;;;;;x;,,,,,,
join_rhineland_BEG_title;加入莱茵兰;;;;;;;;;;;;x;,,,,,,
join_rhineland_BEG_desc;莱茵兰在莱茵河的对岸宣告成立，同为莱茵河的子民，我们可以加入他们;;;;;;;;;;;;x;,,,,,,
join_rhineland_BEG_AI_title;加入莱茵兰;;;;;;;;;;;;x;,,,,,,
join_rhineland_BEG_AI_desc;莱茵兰在莱茵河的对岸宣告成立，同为莱茵河的子民，我们可以加入他们;;;;;;;;;;;;x;,,,,,,
greater_rhineland_title;大莱茵兰;;;;;;;;;;;;x;,,,,,,
greater_rhineland_desc;莱茵兰是片富足而丰饶的土地，然而，莱茵兰王国却只占有我们母亲河的小小一段。我们必须控制整条莱茵河，自它的源头直到莱茵三角洲！;;;;;;;;;;;;x;,,,,,,
kingdom_of_hanover_title;成立汉诺威王国;;;;;;;;;;;;x;,,,,,,
kingdom_of_hanover_desc;我们一直居于公国之位，现在，我们已经作为强国屹立于世界列强之林。我们应该成立汉诺威王国并且宣布我们对德意志海滨的主权！;;;;;;;;;;;;x;,,,,,,
united_frisia_title;弗里斯兰的统一;;;;;;;;;;;;x;,,,,,,
united_frisia_desc;弗里西亚公国，面对危险的邻居勃艮第和海那边强大的斯堪的纳维亚王国依旧在几个世纪中幸存了下来。勃艮第人分割了我们的国家，但现在我们可以合而为一！;;;;;;;;;;;;x;,,,,,,
form_westphalia_title;成立威斯特伐利亚！;;;;;;;;;;;;x;,,,,,,
form_westphalia_desc;我们成功的建立了一个中德意志的强权;;;;;;;;;;;;x;,,,,,,
EVTNAME222101;希腊要求独立;;;;;;;;;;;;x;,,,,,,
EVTDESC222101s;依照佩特雷协定希腊人民有权要求共和国给予他们自由;;;;;;;;;;;;x;,,,,,,
EVTNAME500000;普罗旺斯的宣称;;;;;;;;;;;;x;,,,,,,
EVTDESC500000;普罗旺斯的瓦鲁瓦家族一直试图夺回他们“神圣不可分割”的法兰西土地，现在我们有机会消除这个边境上的威胁，一劳永逸的;;;;;;;;;;;;x;,,,,,,
EVTOPTA500000;金雀花的家徽在普罗旺斯飘扬！;;;;;;;;;;;;x;,,,,,,
EVTOPTB500000;我们已经从他们那里夺取够多了.;;;;;;;;;;;;x;,,,,,,
unite_persia_title;万王之王;Claim the title of Shahanshah;Claim the title of Shahanshah;;;;;;;;;;;x,,,,,,
unite_persia_desc;我们已经扫平了波斯古老土地上的所有敌手，现在我们可以正当的宣称我们是新的万王之王！;;;;;;;;;;;x
integrate_north_italians_title;接受北意大利人;;;;;;;;;;;;x;,,,,,,
integrate_north_italians_desc;我们在北意大利的统治已经稳固了，现在是时候赐予北意大利人一定的权利;;;;;;;;;;;;x;,,,,,,
latin_empire_title;拉丁皇帝;;;;;;;;;;;;x;,,,,,,
latin_empire_desc;罗马必将重新崛起，我们将捍卫地中海沿海的主权。地中海：我们的海！;;;;;;;;;;;;x;,,,,,,
EVTNAME46450;Enforced Peace;;;;;;;;;;;;x;;;;;;;;;;;;;;;;
EVTDESC46450;As we have lost control over the entirety of the Viceroyalties of Mexico and Mesoameriga, it seems that there is no chance we could restore order in our New World colonies. Maybe it is the time to recognise the independence of Gran Colombia and seek greener pastures?;;;;;;;;;;;;x;;;;;;;;;;;;;;;;
EVTOPTA46450;Let them squabble over the worthless piece of dirt;;;;;;;;;;;;x;;;;;;;;;;;;;;;;
EVTOPTB46450;Never!;;;;;;;;;;;;x;;;;;;;;;;;;;;;;
end_the_CWI_title;Declare Gran Colombia independent;;;;;;;;;;;;x;;;;;;;;;;;;;;;;
end_the_CWI_desc;With Spain driven out of our core lands, we can proclaim their dominion over Gran Colombia null and void, effectively ending the war. If Spain continues her senseless aggression against us, she will become a ruthless aggressor in the eyes of the world.;;;;;;;;;;;;x;;;;;;;;;;;;;;;;
proclaim_britannia_title;宣称不列颠尼亚;;;;;;;;;;;;x;;;;;;;;;;;;;;;;
proclaim_britannia_desc;我们不应追求几个世纪前丢失的领土，我们要把目光放在新大陆，我们真正的利益所在。让我们建立起一个前所未有的帝国！;;;;;;;;;;;;x;;;;;;;;;;;;;;;;
EVTNAME334300;首尔条约;;;;;;;;;;;;x;;;;;;;;;;;;;;;;
EVTDESC334300;日本帝国在这几年了正在迅速崛起，也许对于我们来说太过强大。这个岛国正试图将向北方扩展，他们的使节正向我们提议购买我们极北的土地。;;;;;;;;;;;;x;;;;;;;;;;;;;;;;
EVTOPTA334300;就让他们得到他们想得到的吧;;;;;;;;;;;;x;;;;;;;;;;;;;;;;
EVTOPTB334300;除非跨过我们士兵冰冷的尸体！;;;;;;;;;;;;x;;;;;;;;;;;;;;;;
EVTNAME334301;大清拒绝;;;;;;;;;;;;x;;;;;;;;;;;;;;;;
EVTDESC334301;满人拒绝签署首尔条约。;;;;;;;;;;;;x;;;;;;;;;;;;;;;;
EVTOPTA334301;他们怎么敢？！;;;;;;;;;;;;x;;;;;;;;;;;;;;;;
EVTNAME334302;高堡奇人;;;;;;;;;;;;x;;;;;;;;;;;;;;;;
EVTDESC334302;日本帝国的势力从朝鲜直达北海岸。不知何故他们还想再以武力征服我们的土地……;;;;;;;;;;;;x;;;;;;;;;;;;;;;;
EVTOPTA334302;把易经给我！;;;;;;;;;;;;x;;;;;;;;;;;;;;;;
japanese_korea_title;恢复朝鲜的秩序;;;;;;;;;;;;x;;;;;;;;;;;;;;;;
japanese_korea_desc;朝鲜人的叛乱最终被碾碎。终于，我们可以在这个半岛（或许还有大陆）建立我们和平的统治。;;;;;;;;;;;;x;;;;;;;;;;;;;;;;
japanese_offer_title;首尔条约;;;;;;;;;;;;x;;;;;;;;;;;;;;;;
japanese_offer_desc;鉴于我们成功的扩张，也许我们能够劝说满人割让土地给我们而不用流血。.;;;;;;;;;;;;x;;;;;;;;;;;;;;;;
japanese_ainu_title;吞并阿伊努保护国;;;;;;;;;;;;x;;;;;;;;;;;;;;;;
japanese_ainu_desc;鉴于我们计划要继续向北方殖民，我们需要直接统治阿伊努的领土。;;;;;;;;;;;;x;;;;;;;;;;;;;;;;
man_in_the_castle_title;高堡奇人;;;;;;;;;;;;x;;;;;;;;;;;;;;;;
man_in_the_castle_desc;中国的殖民者很久之前就建立了东国的殖民地，发展至今已经成为了完全成熟的国家。然而不幸的是，他们挡在了我们掌控太平洋的路上。;;;;;;;;;;;;x;;;;;;;;;;;;;;;;
hawaiian_purchase;购买夏威夷;;;;;;;;;;;;x;;;;;;;;;;;;;;;;
hawaiian_purchase_desc;我们的关注到了东方，我们可以在夏威夷岛上建立一个落脚点。;;;;;;;;;;;;x;;;;;;;;;;;;;;;;
EVTNAME334303;日本的提议;;;;;;;;;;;;x;;;;;;;;;;;;;;;;
EVTDESC334303;日本帝国的使节到访，他们提议让我们出卖自己的自由，和平的成为帝国的保护国。;;;;;;;;;;;;x;;;;;;;;;;;;;;;;
EVTNAME334304;夏威夷拒绝！;;;;;;;;;;;;x;;;;;;;;;;;;;;;;
EVTDESC334304;夏威夷王国拒绝了我们的提案。;;;;;;;;;;;;x;;;;;;;;;;;;;;;;
EVTNAME334305;夏威夷同意;;;;;;;;;;;;x;;;;;;;;;;;;;;;;
EVTDESC334305;夏威夷国王同意了我们的提案。;;;;;;;;;;;;x;;;;;;;;;;;;;;;;
korean_korea_title;强制和平;;;;;;;;;;;;x;;;;;;;;;;;;;;;;
korean_korea_desc;整个朝鲜都至于我们的控制之下，我们强制日本与我们签订和平协定。;;;;;;;;;;;;x;;;;;;;;;;;;;;;;
EVTDESC334202;整个朝鲜半岛都被朝鲜人锁掌控，我们不得不接受他们强行签订的和平协定。;;;;;;;;;;;;x;;;;;;;;;;;;;;;;
jiangsu_control_title;摧毁明;;;;;;;;;;;;x;;;;;;;;;;;;;;;;
jiangsu_control_desc;我们掌握了南京，我们可以令这个可怜的共和国立刻瓦解。;;;;;;;;;;;;x;;;;;;;;;;;;;;;;
EVTNAME334203;凤凰入侵的终结;;;;;;;;;;;;x;;;;;;;;;;;;;;;;
EVTDESC334203;凤凰入侵终结，但我们的征途才刚刚开始;;;;;;;;;;;;x;;;;;;;;;;;;;;;;
EVTOPTB334203;皇帝万岁！;;;;;;;;;;;;x;;;;;;;;;;;;;;;;
